{
  "migIndex": 1,
  "data": [
    {
      "path": "src/assets/fonts/Helvetica-Bold.ttf",
      "sha1": "d064906892c6baf2916d5102910026ba0a4f2664"
    },
    {
      "path": "src/assets/fonts/Helvetica-BoldOblique.ttf",
      "sha1": "afe42ef13d2c3ce4b2a15ec73d7996f53e37e676"
    },
    {
      "path": "src/assets/fonts/helvetica-compressed-5871d14b6903a.otf",
      "sha1": "8ddd4a7955071a6aeb51e67002299aa2bde407e2"
    },
    {
      "path": "src/assets/fonts/helvetica-light.ttf",
      "sha1": "a7d02da118efb487c83136ea82b1d40e19dc019b"
    },
    {
      "path": "src/assets/fonts/Helvetica-Oblique.ttf",
      "sha1": "1b41bf58374f95e319e8ae4deebd79a694802e6b"
    },
    {
      "path": "src/assets/fonts/helvetica-rounded-bold-5871d05ead8de.otf",
      "sha1": "9979d852574beb09a99841fda8d3ef030e9a4b64"
    },
    {
      "path": "src/assets/fonts/Helvetica.ttf",
      "sha1": "53cb59bdb997dd39dc70b95d50133583e66ebdcb"
    },
    {
      "path": "src/assets/fonts/Montserrat-Black.ttf",
      "sha1": "ad9c434705a52d90ac5a770e591c2325fb48c2dc"
    },
    {
      "path": "src/assets/fonts/Montserrat-BlackItalic.ttf",
      "sha1": "88f974aa3e6d5e3d1fd563345be9e513809bb143"
    },
    {
      "path": "src/assets/fonts/Montserrat-Bold.ttf",
      "sha1": "98c66622226025f539568865af96df5175e2979c"
    },
    {
      "path": "src/assets/fonts/Montserrat-BoldItalic.ttf",
      "sha1": "516e381cb5824e976db5cfb69d630a24f27a9ba6"
    },
    {
      "path": "src/assets/fonts/Montserrat-ExtraBold.ttf",
      "sha1": "1e3298f51b4766e2810a4a2c09a2c75c323d5e7e"
    },
    {
      "path": "src/assets/fonts/Montserrat-ExtraBoldItalic.ttf",
      "sha1": "bf0e072950871eeb704e74f49605847db7ff3a02"
    },
    {
      "path": "src/assets/fonts/Montserrat-ExtraLight.ttf",
      "sha1": "9437f01c62e4f0c1d42b5cf3e244997aafbea70d"
    },
    {
      "path": "src/assets/fonts/Montserrat-ExtraLightItalic.ttf",
      "sha1": "6dd4c350b2549a902852ed91cbc2ed87e98f60d7"
    },
    {
      "path": "src/assets/fonts/Montserrat-Italic.ttf",
      "sha1": "9b14c390a8b40d941f62a971cb6d7d152e59154a"
    },
    {
      "path": "src/assets/fonts/Montserrat-Light.ttf",
      "sha1": "9dfbddad5025d8d224b4939e54c1a4ac8ac6015b"
    },
    {
      "path": "src/assets/fonts/Montserrat-LightItalic.ttf",
      "sha1": "c7b6a26d9e3e165d3a079c669f374a4a7e01c0a7"
    },
    {
      "path": "src/assets/fonts/Montserrat-Medium.ttf",
      "sha1": "25c429296b9d6eb242cba92d1ee7fae484b019cb"
    },
    {
      "path": "src/assets/fonts/Montserrat-MediumItalic.ttf",
      "sha1": "0670c90adbabf7dd8a9e4428dced5e0f2a54e97d"
    },
    {
      "path": "src/assets/fonts/Montserrat-Regular.ttf",
      "sha1": "bb895d19b8a1fbe1c57fc89cac5da82fdc8fdef4"
    },
    {
      "path": "src/assets/fonts/Montserrat-SemiBold.ttf",
      "sha1": "0754a3a23d8d68b0f0558df3109e0df86e968f24"
    },
    {
      "path": "src/assets/fonts/Montserrat-SemiBoldItalic.ttf",
      "sha1": "ca6ae187de8e41e8c82d282202d5ed98173a5176"
    },
    {
      "path": "src/assets/fonts/Montserrat-Thin.ttf",
      "sha1": "7061ef5f2b5aef62263dbe728114ccd25014aa4e"
    },
    {
      "path": "src/assets/fonts/Montserrat-ThinItalic.ttf",
      "sha1": "9455ac7542b843c9bf96db3dd59302d7da39fa3c"
    },
    {
      "path": "src/assets/fonts/OFL.txt",
      "sha1": "9f27955a401cc9ea5ba3503027a4ea502c87e70c"
    },
    {
      "path": "src/assets/fonts/Poppins-Black.ttf",
      "sha1": "645e04c53c6b5b35bce654a811ebce16af8aa721"
    },
    {
      "path": "src/assets/fonts/Poppins-BlackItalic.ttf",
      "sha1": "be4ef2aac7775a4b0179c0ecfce6cea8f7783f63"
    },
    {
      "path": "src/assets/fonts/Poppins-Bold.ttf",
      "sha1": "875cf0cecd647bcf22e79d633d868c1b1ec98dfa"
    },
    {
      "path": "src/assets/fonts/Poppins-BoldItalic.ttf",
      "sha1": "6de8952ca08d27ee77f57347d2cef4b4e26aa78f"
    },
    {
      "path": "src/assets/fonts/Poppins-ExtraBold.ttf",
      "sha1": "4b5c0750f073abd576413a0898d3b95adaf199c8"
    },
    {
      "path": "src/assets/fonts/Poppins-ExtraBoldItalic.ttf",
      "sha1": "94d3ee3acdbd00e37a715a25f2b5237666b5b8a3"
    },
    {
      "path": "src/assets/fonts/Poppins-ExtraLight.ttf",
      "sha1": "85af6582a7e6155917c605f9d3fed68c02b23b06"
    },
    {
      "path": "src/assets/fonts/Poppins-ExtraLightItalic.ttf",
      "sha1": "6fa0418f91032680d2d8fe4843009f2c80faa61d"
    },
    {
      "path": "src/assets/fonts/Poppins-Italic.ttf",
      "sha1": "e2bfcd56016c3c915221ef1c5fc1a17b0776eb91"
    },
    {
      "path": "src/assets/fonts/Poppins-Light.ttf",
      "sha1": "e247a92158e112f8bf7b638c8d95381d66b00dbb"
    },
    {
      "path": "src/assets/fonts/Poppins-LightItalic.ttf",
      "sha1": "f76102b361e705751a83b7b22fe954daf1f27dd4"
    },
    {
      "path": "src/assets/fonts/Poppins-Medium.ttf",
      "sha1": "283f21b44efbdbf276ba802be2d949a36bbc4233"
    },
    {
      "path": "src/assets/fonts/Poppins-MediumItalic.ttf",
      "sha1": "b592c62fdf88c40cfd0f031bba6423b1d4430472"
    },
    {
      "path": "src/assets/fonts/Poppins-Regular.ttf",
      "sha1": "fdd3002e7d814ee47c1c1b8487c72c6bbb3a2d00"
    },
    {
      "path": "src/assets/fonts/Poppins-SemiBold.ttf",
      "sha1": "8a4ace9392d06bcb7f8ea2f5169b07e4c383a90d"
    },
    {
      "path": "src/assets/fonts/Poppins-SemiBoldItalic.ttf",
      "sha1": "0c8bed0a5942b2388d36b11c115685d9f01700b0"
    },
    {
      "path": "src/assets/fonts/Poppins-Thin.ttf",
      "sha1": "09ba4dcd5509c8085bf88c665dcc51cbdfced27b"
    },
    {
      "path": "src/assets/fonts/Poppins-ThinItalic.ttf",
      "sha1": "fb8fccca21550e71135f92bbaf8a2e8a12c90465"
    },
    {
      "path": "src/assets/fonts/Satoshi-Black.otf",
      "sha1": "d92baad4dab9ca55bc72f1a8a0a6de72829e709f"
    },
    {
      "path": "src/assets/fonts/Satoshi-BlackItalic.otf",
      "sha1": "2fada5e2f31f7e2f252d458094603daca66f4a0a"
    },
    {
      "path": "src/assets/fonts/Satoshi-Bold.otf",
      "sha1": "57a9e1c24984708865f7d0c31a03773912fb975f"
    },
    {
      "path": "src/assets/fonts/Satoshi-BoldItalic.otf",
      "sha1": "c279f41805b46f030eb4a1d55ceaf7c4cacd1a39"
    },
    {
      "path": "src/assets/fonts/Satoshi-Italic.otf",
      "sha1": "1ee38a9969b628781bc30ed690f6571aca189451"
    },
    {
      "path": "src/assets/fonts/Satoshi-Light.otf",
      "sha1": "3b1b977f00db442bdf30f63603112e6e251b7dda"
    },
    {
      "path": "src/assets/fonts/Satoshi-LightItalic.otf",
      "sha1": "782b6239e9a537ffcd574fb26b69201b67b96dc2"
    },
    {
      "path": "src/assets/fonts/Satoshi-Medium.otf",
      "sha1": "704faccb5fff19f25c0b914d42d135ab75794a24"
    },
    {
      "path": "src/assets/fonts/Satoshi-MediumItalic.otf",
      "sha1": "89936e7345cfa18dadc048e3a9266947c7f12839"
    },
    {
      "path": "src/assets/fonts/Satoshi-Regular.otf",
      "sha1": "7dcb59994f2bee1a4ef1f6c079ba0e99b409878b"
    }
  ]
}
