{"v":"5.12.1","fr":29.9700012207031,"ip":0,"op":17.0000006924242,"w":7776,"h":7776,"nm":"cercle full animation","ddd":0,"assets":[],"layers":[{"ddd":0,"ind":1,"ty":4,"nm":"Layer 9 Outlines 2","sr":1,"ks":{"o":{"a":0,"k":100,"ix":11},"r":{"a":0,"k":0,"ix":10},"p":{"a":0,"k":[2115.994,2118.866,0],"ix":2,"l":2},"a":{"a":0,"k":[935.276,933.983,0],"ix":1,"l":2},"s":{"a":0,"k":[100,100,100],"ix":6,"l":2}},"ao":0,"shapes":[{"ty":"gr","it":[{"ind":0,"ty":"sh","ix":1,"ks":{"a":0,"k":{"i":[[160.9,-179.585],[-156.745,-169.205],[-244.982,-230.451],[-197.252,181.678],[170.234,195.158],[182.699,182.699],[51.903,44.637]],"o":[[-173.346,193.069],[218.518,235.116],[174.919,164.527],[186.829,-171.261],[-19.718,-22.847],[-223.701,-223.701],[-182.695,-153.637]],"v":[[-751.297,-733.384],[-778.28,-136.508],[124.304,769.206],[736.774,741.166],[764.792,108.999],[398.876,-262.112],[-129.5,-780.096]],"c":true},"ix":2},"nm":"Path 1","mn":"ADBE Vector Shape - Group","hd":false},{"ty":"fl","c":{"a":0,"k":[0.24522820267,0.62702146044,0.821479887121,1],"ix":4},"o":{"a":0,"k":100,"ix":5},"r":1,"bm":0,"nm":"Fill 1","mn":"ADBE Vector Graphic - Fill","hd":false},{"ty":"tr","p":{"a":0,"k":[935.275,933.983],"ix":2},"a":{"a":0,"k":[0,0],"ix":1},"s":{"a":0,"k":[100,100],"ix":3},"r":{"a":0,"k":0,"ix":6},"o":{"a":0,"k":100,"ix":7},"sk":{"a":0,"k":0,"ix":4},"sa":{"a":0,"k":0,"ix":5},"nm":"Transform"}],"nm":"Group 1","np":2,"cix":2,"bm":0,"ix":1,"mn":"ADBE Vector Group","hd":false}],"ip":16.0000006516934,"op":17.3027279774818,"st":16.0000006516934,"ct":1,"bm":0},{"ddd":0,"ind":2,"ty":4,"nm":"Layer 9 Outlines","sr":1,"ks":{"o":{"a":0,"k":60,"ix":11},"r":{"a":0,"k":0,"ix":10},"p":{"a":0,"k":[2115.994,2118.866,0],"ix":2,"l":2},"a":{"a":0,"k":[935.276,933.983,0],"ix":1,"l":2},"s":{"a":0,"k":[100,100,100],"ix":6,"l":2}},"ao":0,"shapes":[{"ty":"gr","it":[{"ind":0,"ty":"sh","ix":1,"ks":{"a":0,"k":{"i":[[160.9,-179.585],[-156.745,-169.205],[-244.982,-230.451],[-197.252,181.678],[170.234,195.158],[182.699,182.699],[51.903,44.637]],"o":[[-173.346,193.069],[218.518,235.116],[174.919,164.527],[186.829,-171.261],[-19.718,-22.847],[-223.701,-223.701],[-182.695,-153.637]],"v":[[-751.297,-733.384],[-778.28,-136.508],[124.304,769.206],[736.774,741.166],[764.792,108.999],[398.876,-262.112],[-129.5,-780.096]],"c":true},"ix":2},"nm":"Path 1","mn":"ADBE Vector Shape - Group","hd":false},{"ty":"fl","c":{"a":0,"k":[0.24522820267,0.62702146044,0.821479887121,1],"ix":4},"o":{"a":0,"k":100,"ix":5},"r":1,"bm":0,"nm":"Fill 1","mn":"ADBE Vector Graphic - Fill","hd":false},{"ty":"tr","p":{"a":0,"k":[935.275,933.983],"ix":2},"a":{"a":0,"k":[0,0],"ix":1},"s":{"a":0,"k":[100,100],"ix":3},"r":{"a":0,"k":0,"ix":6},"o":{"a":0,"k":100,"ix":7},"sk":{"a":0,"k":0,"ix":4},"sa":{"a":0,"k":0,"ix":5},"nm":"Transform"}],"nm":"Group 1","np":2,"cix":2,"bm":0,"ix":1,"mn":"ADBE Vector Group","hd":false}],"ip":0,"op":17.0000006924242,"st":0,"ct":1,"bm":0},{"ddd":0,"ind":3,"ty":4,"nm":"Layer 8 Outlines 2","sr":1,"ks":{"o":{"a":0,"k":100,"ix":11},"r":{"a":0,"k":0,"ix":10},"p":{"a":0,"k":[1380.575,3889.55,0],"ix":2,"l":2},"a":{"a":0,"k":[1059.805,467.09,0],"ix":1,"l":2},"s":{"a":0,"k":[100,100,100],"ix":6,"l":2}},"ao":0,"shapes":[{"ty":"gr","it":[{"ind":0,"ty":"sh","ix":1,"ks":{"a":0,"k":{"i":[[-13.212,-240.76],[-230.481,-8.811],[-336.182,10.274],[-11.012,267.944],[258.371,17.623],[258.375,0],[68.265,-5.137]],"o":[[13.946,259.094],[320.768,11.736],[240.024,-7.349],[11.009,-253.208],[-30.098,-2.213],[-316.362,0],[-237.822,20.547]],"v":[[-1046.343,13.217],[-643.368,454.352],[635.292,456.565],[1048.546,3.656],[621.348,-463.165],[100.193,-466.839],[-639.697,-459.491]],"c":true},"ix":2},"nm":"Path 1","mn":"ADBE Vector Shape - Group","hd":false},{"ty":"fl","c":{"a":0,"k":[0.348021353927,0.748919737573,0.540329518038,1],"ix":4},"o":{"a":0,"k":100,"ix":5},"r":1,"bm":0,"nm":"Fill 1","mn":"ADBE Vector Graphic - Fill","hd":false},{"ty":"tr","p":{"a":0,"k":[1059.805,467.09],"ix":2},"a":{"a":0,"k":[0,0],"ix":1},"s":{"a":0,"k":[100,100],"ix":3},"r":{"a":0,"k":0,"ix":6},"o":{"a":0,"k":100,"ix":7},"sk":{"a":0,"k":0,"ix":4},"sa":{"a":0,"k":0,"ix":5},"nm":"Transform"}],"nm":"Group 1","np":2,"cix":2,"bm":0,"ix":1,"mn":"ADBE Vector Group","hd":false}],"ip":14.0000005702317,"op":17.0000006924242,"st":14.0000005702317,"ct":1,"bm":0},{"ddd":0,"ind":4,"ty":4,"nm":"Layer 8 Outlines","sr":1,"ks":{"o":{"a":0,"k":60,"ix":11},"r":{"a":0,"k":0,"ix":10},"p":{"a":0,"k":[1380.575,3889.55,0],"ix":2,"l":2},"a":{"a":0,"k":[1059.805,467.09,0],"ix":1,"l":2},"s":{"a":0,"k":[100,100,100],"ix":6,"l":2}},"ao":0,"shapes":[{"ty":"gr","it":[{"ind":0,"ty":"sh","ix":1,"ks":{"a":0,"k":{"i":[[-13.212,-240.76],[-230.481,-8.811],[-336.182,10.274],[-11.012,267.944],[258.371,17.623],[258.375,0],[68.265,-5.137]],"o":[[13.946,259.094],[320.768,11.736],[240.024,-7.349],[11.009,-253.208],[-30.098,-2.213],[-316.362,0],[-237.822,20.547]],"v":[[-1046.343,13.217],[-643.368,454.352],[635.292,456.565],[1048.546,3.656],[621.348,-463.165],[100.193,-466.839],[-639.697,-459.491]],"c":true},"ix":2},"nm":"Path 1","mn":"ADBE Vector Shape - Group","hd":false},{"ty":"fl","c":{"a":0,"k":[0.348021353927,0.748919737573,0.540329518038,1],"ix":4},"o":{"a":0,"k":100,"ix":5},"r":1,"bm":0,"nm":"Fill 1","mn":"ADBE Vector Graphic - Fill","hd":false},{"ty":"tr","p":{"a":0,"k":[1059.805,467.09],"ix":2},"a":{"a":0,"k":[0,0],"ix":1},"s":{"a":0,"k":[100,100],"ix":3},"r":{"a":0,"k":0,"ix":6},"o":{"a":0,"k":100,"ix":7},"sk":{"a":0,"k":0,"ix":4},"sa":{"a":0,"k":0,"ix":5},"nm":"Transform"}],"nm":"Group 1","np":2,"cix":2,"bm":0,"ix":1,"mn":"ADBE Vector Group","hd":false}],"ip":0,"op":17.0000006924242,"st":0,"ct":1,"bm":0},{"ddd":0,"ind":5,"ty":4,"nm":"Layer 7 Outlines 2","sr":1,"ks":{"o":{"a":0,"k":100,"ix":11},"r":{"a":0,"k":0,"ix":10},"p":{"a":0,"k":[2118.957,5660.107,0],"ix":2,"l":2},"a":{"a":0,"k":[933.983,935.276,0],"ix":1,"l":2},"s":{"a":0,"k":[100,100,100],"ix":6,"l":2}},"ao":0,"shapes":[{"ty":"gr","it":[{"ind":0,"ty":"sh","ix":1,"ks":{"a":0,"k":{"i":[[-179.585,-160.9],[-169.204,156.745],[-230.451,244.982],[181.677,197.251],[195.157,-170.234],[182.699,-182.698],[44.637,-51.903]],"o":[[193.069,173.346],[235.116,-218.518],[164.527,-174.919],[-171.261,-186.83],[-22.847,19.718],[-223.701,223.702],[-153.637,182.695]],"v":[[-733.384,751.297],[-136.508,778.281],[769.206,-124.304],[741.166,-736.775],[108.999,-764.791],[-262.112,-398.878],[-780.096,129.5]],"c":true},"ix":2},"nm":"Path 1","mn":"ADBE Vector Shape - Group","hd":false},{"ty":"fl","c":{"a":0,"k":[0.24522820267,0.62702146044,0.821479887121,1],"ix":4},"o":{"a":0,"k":100,"ix":5},"r":1,"bm":0,"nm":"Fill 1","mn":"ADBE Vector Graphic - Fill","hd":false},{"ty":"tr","p":{"a":0,"k":[933.983,935.276],"ix":2},"a":{"a":0,"k":[0,0],"ix":1},"s":{"a":0,"k":[100,100],"ix":3},"r":{"a":0,"k":0,"ix":6},"o":{"a":0,"k":100,"ix":7},"sk":{"a":0,"k":0,"ix":4},"sa":{"a":0,"k":0,"ix":5},"nm":"Transform"}],"nm":"Group 1","np":2,"cix":2,"bm":0,"ix":1,"mn":"ADBE Vector Group","hd":false}],"ip":12.00000048877,"op":17.0000006924242,"st":12.00000048877,"ct":1,"bm":0},{"ddd":0,"ind":6,"ty":4,"nm":"Layer 7 Outlines","sr":1,"ks":{"o":{"a":0,"k":60,"ix":11},"r":{"a":0,"k":0,"ix":10},"p":{"a":0,"k":[2118.957,5660.107,0],"ix":2,"l":2},"a":{"a":0,"k":[933.983,935.276,0],"ix":1,"l":2},"s":{"a":0,"k":[100,100,100],"ix":6,"l":2}},"ao":0,"shapes":[{"ty":"gr","it":[{"ind":0,"ty":"sh","ix":1,"ks":{"a":0,"k":{"i":[[-179.585,-160.9],[-169.204,156.745],[-230.451,244.982],[181.677,197.251],[195.157,-170.234],[182.699,-182.698],[44.637,-51.903]],"o":[[193.069,173.346],[235.116,-218.518],[164.527,-174.919],[-171.261,-186.83],[-22.847,19.718],[-223.701,223.702],[-153.637,182.695]],"v":[[-733.384,751.297],[-136.508,778.281],[769.206,-124.304],[741.166,-736.775],[108.999,-764.791],[-262.112,-398.878],[-780.096,129.5]],"c":true},"ix":2},"nm":"Path 1","mn":"ADBE Vector Shape - Group","hd":false},{"ty":"fl","c":{"a":0,"k":[0.24522820267,0.62702146044,0.821479887121,1],"ix":4},"o":{"a":0,"k":100,"ix":5},"r":1,"bm":0,"nm":"Fill 1","mn":"ADBE Vector Graphic - Fill","hd":false},{"ty":"tr","p":{"a":0,"k":[933.983,935.276],"ix":2},"a":{"a":0,"k":[0,0],"ix":1},"s":{"a":0,"k":[100,100],"ix":3},"r":{"a":0,"k":0,"ix":6},"o":{"a":0,"k":100,"ix":7},"sk":{"a":0,"k":0,"ix":4},"sa":{"a":0,"k":0,"ix":5},"nm":"Transform"}],"nm":"Group 1","np":2,"cix":2,"bm":0,"ix":1,"mn":"ADBE Vector Group","hd":false}],"ip":0,"op":17.0000006924242,"st":0,"ct":1,"bm":0},{"ddd":0,"ind":7,"ty":4,"nm":"Layer 6 Outlines 2","sr":1,"ks":{"o":{"a":0,"k":60,"ix":11},"r":{"a":0,"k":0,"ix":10},"p":{"a":0,"k":[3886.551,6393.52,0],"ix":2,"l":2},"a":{"a":0,"k":[467.089,1059.805,0],"ix":1,"l":2},"s":{"a":0,"k":[100,100,100],"ix":6,"l":2}},"ao":0,"shapes":[{"ty":"gr","it":[{"ind":0,"ty":"sh","ix":1,"ks":{"a":0,"k":{"i":[[240.76,-13.212],[8.811,-230.481],[-10.274,-336.182],[-267.944,-11.013],[-17.624,258.371],[0,258.375],[5.138,68.265]],"o":[[-259.094,13.946],[-11.736,320.768],[7.349,240.024],[253.208,11.009],[2.213,-30.098],[0,-316.362],[-20.547,-237.822]],"v":[[-13.217,-1046.343],[-454.352,-643.368],[-456.565,635.293],[-3.655,1048.546],[463.165,621.348],[466.839,100.193],[459.49,-639.697]],"c":true},"ix":2},"nm":"Path 1","mn":"ADBE Vector Shape - Group","hd":false},{"ty":"fl","c":{"a":0,"k":[0.962717273189,0.541425338446,0.249907579609,1],"ix":4},"o":{"a":0,"k":100,"ix":5},"r":1,"bm":0,"nm":"Fill 1","mn":"ADBE Vector Graphic - Fill","hd":false},{"ty":"tr","p":{"a":0,"k":[467.089,1059.805],"ix":2},"a":{"a":0,"k":[0,0],"ix":1},"s":{"a":0,"k":[100,100],"ix":3},"r":{"a":0,"k":0,"ix":6},"o":{"a":0,"k":100,"ix":7},"sk":{"a":0,"k":0,"ix":4},"sa":{"a":0,"k":0,"ix":5},"nm":"Transform"}],"nm":"Group 1","np":2,"cix":2,"bm":0,"ix":1,"mn":"ADBE Vector Group","hd":false}],"ip":10.0000004073083,"op":17.0000006924242,"st":10.0000004073083,"ct":1,"bm":0},{"ddd":0,"ind":8,"ty":4,"nm":"Layer 6 Outlines","sr":1,"ks":{"o":{"a":0,"k":60,"ix":11},"r":{"a":0,"k":0,"ix":10},"p":{"a":0,"k":[3886.551,6393.52,0],"ix":2,"l":2},"a":{"a":0,"k":[467.089,1059.805,0],"ix":1,"l":2},"s":{"a":0,"k":[100,100,100],"ix":6,"l":2}},"ao":0,"shapes":[{"ty":"gr","it":[{"ind":0,"ty":"sh","ix":1,"ks":{"a":0,"k":{"i":[[240.76,-13.212],[8.811,-230.481],[-10.274,-336.182],[-267.944,-11.013],[-17.624,258.371],[0,258.375],[5.138,68.265]],"o":[[-259.094,13.946],[-11.736,320.768],[7.349,240.024],[253.208,11.009],[2.213,-30.098],[0,-316.362],[-20.547,-237.822]],"v":[[-13.217,-1046.343],[-454.352,-643.368],[-456.565,635.293],[-3.655,1048.546],[463.165,621.348],[466.839,100.193],[459.49,-639.697]],"c":true},"ix":2},"nm":"Path 1","mn":"ADBE Vector Shape - Group","hd":false},{"ty":"fl","c":{"a":0,"k":[0.962717273189,0.541425338446,0.249907579609,1],"ix":4},"o":{"a":0,"k":100,"ix":5},"r":1,"bm":0,"nm":"Fill 1","mn":"ADBE Vector Graphic - Fill","hd":false},{"ty":"tr","p":{"a":0,"k":[467.089,1059.805],"ix":2},"a":{"a":0,"k":[0,0],"ix":1},"s":{"a":0,"k":[100,100],"ix":3},"r":{"a":0,"k":0,"ix":6},"o":{"a":0,"k":100,"ix":7},"sk":{"a":0,"k":0,"ix":4},"sa":{"a":0,"k":0,"ix":5},"nm":"Transform"}],"nm":"Group 1","np":2,"cix":2,"bm":0,"ix":1,"mn":"ADBE Vector Group","hd":false}],"ip":0,"op":17.0000006924242,"st":0,"ct":1,"bm":0},{"ddd":0,"ind":9,"ty":4,"nm":"Layer 5 Outlines 2","sr":1,"ks":{"o":{"a":0,"k":100,"ix":11},"r":{"a":0,"k":0,"ix":10},"p":{"a":0,"k":[5660.745,5663.617,0],"ix":2,"l":2},"a":{"a":0,"k":[935.276,933.983,0],"ix":1,"l":2},"s":{"a":0,"k":[100,100,100],"ix":6,"l":2}},"ao":0,"shapes":[{"ty":"gr","it":[{"ind":0,"ty":"sh","ix":1,"ks":{"a":0,"k":{"i":[[160.9,-179.585],[-156.745,-169.204],[-244.981,-230.452],[-197.251,181.678],[170.234,195.157],[182.698,182.699],[51.903,44.637]],"o":[[-173.345,193.069],[218.518,235.116],[174.919,164.526],[186.83,-171.261],[-19.718,-22.847],[-223.702,-223.701],[-182.694,-153.637]],"v":[[-751.297,-733.384],[-778.281,-136.508],[124.304,769.207],[736.774,741.166],[764.792,108.999],[398.878,-262.112],[-129.5,-780.096]],"c":true},"ix":2},"nm":"Path 1","mn":"ADBE Vector Shape - Group","hd":false},{"ty":"fl","c":{"a":0,"k":[0.932043457031,0.259413446165,0.259990198472,1],"ix":4},"o":{"a":0,"k":100,"ix":5},"r":1,"bm":0,"nm":"Fill 1","mn":"ADBE Vector Graphic - Fill","hd":false},{"ty":"tr","p":{"a":0,"k":[935.275,933.983],"ix":2},"a":{"a":0,"k":[0,0],"ix":1},"s":{"a":0,"k":[100,100],"ix":3},"r":{"a":0,"k":0,"ix":6},"o":{"a":0,"k":100,"ix":7},"sk":{"a":0,"k":0,"ix":4},"sa":{"a":0,"k":0,"ix":5},"nm":"Transform"}],"nm":"Group 1","np":2,"cix":2,"bm":0,"ix":1,"mn":"ADBE Vector Group","hd":false}],"ip":8.00000032584668,"op":17.0000006924242,"st":8.00000032584668,"ct":1,"bm":0},{"ddd":0,"ind":10,"ty":4,"nm":"Layer 5 Outlines","sr":1,"ks":{"o":{"a":0,"k":60,"ix":11},"r":{"a":0,"k":0,"ix":10},"p":{"a":0,"k":[5660.745,5663.617,0],"ix":2,"l":2},"a":{"a":0,"k":[935.276,933.983,0],"ix":1,"l":2},"s":{"a":0,"k":[100,100,100],"ix":6,"l":2}},"ao":0,"shapes":[{"ty":"gr","it":[{"ind":0,"ty":"sh","ix":1,"ks":{"a":0,"k":{"i":[[160.9,-179.585],[-156.745,-169.204],[-244.981,-230.452],[-197.251,181.678],[170.234,195.157],[182.698,182.699],[51.903,44.637]],"o":[[-173.345,193.069],[218.518,235.116],[174.919,164.526],[186.83,-171.261],[-19.718,-22.847],[-223.702,-223.701],[-182.694,-153.637]],"v":[[-751.297,-733.384],[-778.281,-136.508],[124.304,769.207],[736.774,741.166],[764.792,108.999],[398.878,-262.112],[-129.5,-780.096]],"c":true},"ix":2},"nm":"Path 1","mn":"ADBE Vector Shape - Group","hd":false},{"ty":"fl","c":{"a":0,"k":[0.932043457031,0.259413446165,0.259990198472,1],"ix":4},"o":{"a":0,"k":100,"ix":5},"r":1,"bm":0,"nm":"Fill 1","mn":"ADBE Vector Graphic - Fill","hd":false},{"ty":"tr","p":{"a":0,"k":[935.275,933.983],"ix":2},"a":{"a":0,"k":[0,0],"ix":1},"s":{"a":0,"k":[100,100],"ix":3},"r":{"a":0,"k":0,"ix":6},"o":{"a":0,"k":100,"ix":7},"sk":{"a":0,"k":0,"ix":4},"sa":{"a":0,"k":0,"ix":5},"nm":"Transform"}],"nm":"Group 1","np":2,"cix":2,"bm":0,"ix":1,"mn":"ADBE Vector Group","hd":false}],"ip":0,"op":17.0000006924242,"st":0,"ct":1,"bm":0},{"ddd":0,"ind":11,"ty":4,"nm":"Layer 4 Outlines 2","sr":1,"ks":{"o":{"a":0,"k":100,"ix":11},"r":{"a":0,"k":0,"ix":10},"p":{"a":0,"k":[6393.611,3889.55,0],"ix":2,"l":2},"a":{"a":0,"k":[1059.805,467.09,0],"ix":1,"l":2},"s":{"a":0,"k":[100,100,100],"ix":6,"l":2}},"ao":0,"shapes":[{"ty":"gr","it":[{"ind":0,"ty":"sh","ix":1,"ks":{"a":0,"k":{"i":[[-13.212,-240.76],[-230.481,-8.811],[-336.182,10.274],[-11.013,267.944],[258.371,17.623],[258.375,0],[68.265,-5.137]],"o":[[13.946,259.094],[320.768,11.736],[240.024,-7.349],[11.008,-253.208],[-30.098,-2.213],[-316.362,0],[-237.822,20.547]],"v":[[-1046.343,13.217],[-643.368,454.352],[635.293,456.565],[1048.547,3.656],[621.348,-463.165],[100.193,-466.839],[-639.697,-459.491]],"c":true},"ix":2},"nm":"Path 1","mn":"ADBE Vector Shape - Group","hd":false},{"ty":"fl","c":{"a":0,"k":[0.462448957855,0.45835388782,0.709587904986,1],"ix":4},"o":{"a":0,"k":100,"ix":5},"r":1,"bm":0,"nm":"Fill 1","mn":"ADBE Vector Graphic - Fill","hd":false},{"ty":"tr","p":{"a":0,"k":[1059.805,467.09],"ix":2},"a":{"a":0,"k":[0,0],"ix":1},"s":{"a":0,"k":[100,100],"ix":3},"r":{"a":0,"k":0,"ix":6},"o":{"a":0,"k":100,"ix":7},"sk":{"a":0,"k":0,"ix":4},"sa":{"a":0,"k":0,"ix":5},"nm":"Transform"}],"nm":"Group 1","np":2,"cix":2,"bm":0,"ix":1,"mn":"ADBE Vector Group","hd":false}],"ip":6.00000024438501,"op":17.0000006924242,"st":6.00000024438501,"ct":1,"bm":0},{"ddd":0,"ind":12,"ty":4,"nm":"Layer 4 Outlines","sr":1,"ks":{"o":{"a":0,"k":60,"ix":11},"r":{"a":0,"k":0,"ix":10},"p":{"a":0,"k":[6393.611,3889.55,0],"ix":2,"l":2},"a":{"a":0,"k":[1059.805,467.09,0],"ix":1,"l":2},"s":{"a":0,"k":[100,100,100],"ix":6,"l":2}},"ao":0,"shapes":[{"ty":"gr","it":[{"ind":0,"ty":"sh","ix":1,"ks":{"a":0,"k":{"i":[[-13.212,-240.76],[-230.481,-8.811],[-336.182,10.274],[-11.013,267.944],[258.371,17.623],[258.375,0],[68.265,-5.137]],"o":[[13.946,259.094],[320.768,11.736],[240.024,-7.349],[11.008,-253.208],[-30.098,-2.213],[-316.362,0],[-237.822,20.547]],"v":[[-1046.343,13.217],[-643.368,454.352],[635.293,456.565],[1048.547,3.656],[621.348,-463.165],[100.193,-466.839],[-639.697,-459.491]],"c":true},"ix":2},"nm":"Path 1","mn":"ADBE Vector Shape - Group","hd":false},{"ty":"fl","c":{"a":0,"k":[0.462448957855,0.45835388782,0.709587904986,1],"ix":4},"o":{"a":0,"k":100,"ix":5},"r":1,"bm":0,"nm":"Fill 1","mn":"ADBE Vector Graphic - Fill","hd":false},{"ty":"tr","p":{"a":0,"k":[1059.805,467.09],"ix":2},"a":{"a":0,"k":[0,0],"ix":1},"s":{"a":0,"k":[100,100],"ix":3},"r":{"a":0,"k":0,"ix":6},"o":{"a":0,"k":100,"ix":7},"sk":{"a":0,"k":0,"ix":4},"sa":{"a":0,"k":0,"ix":5},"nm":"Transform"}],"nm":"Group 1","np":2,"cix":2,"bm":0,"ix":1,"mn":"ADBE Vector Group","hd":false}],"ip":0,"op":17.0000006924242,"st":0,"ct":1,"bm":0},{"ddd":0,"ind":13,"ty":4,"nm":"Layer 3 Outlines 2","sr":1,"ks":{"o":{"a":0,"k":100,"ix":11},"r":{"a":0,"k":0,"ix":10},"p":{"a":0,"k":[5663.708,2115.356,0],"ix":2,"l":2},"a":{"a":0,"k":[933.983,935.276,0],"ix":1,"l":2},"s":{"a":0,"k":[100,100,100],"ix":6,"l":2}},"ao":0,"shapes":[{"ty":"gr","it":[{"ind":0,"ty":"sh","ix":1,"ks":{"a":0,"k":{"i":[[-179.585,-160.9],[-169.205,156.745],[-230.451,244.982],[181.678,197.252],[195.158,-170.235],[182.699,-182.699],[44.637,-51.903]],"o":[[193.068,173.346],[235.116,-218.518],[164.527,-174.919],[-171.261,-186.829],[-22.847,19.717],[-223.701,223.701],[-153.637,182.695]],"v":[[-733.384,751.297],[-136.508,778.281],[769.206,-124.304],[741.166,-736.774],[108.999,-764.791],[-262.112,-398.876],[-780.096,129.5]],"c":true},"ix":2},"nm":"Path 1","mn":"ADBE Vector Shape - Group","hd":false},{"ty":"fl","c":{"a":0,"k":[0.932043457031,0.259413446165,0.259990198472,1],"ix":4},"o":{"a":0,"k":100,"ix":5},"r":1,"bm":0,"nm":"Fill 1","mn":"ADBE Vector Graphic - Fill","hd":false},{"ty":"tr","p":{"a":0,"k":[933.983,935.276],"ix":2},"a":{"a":0,"k":[0,0],"ix":1},"s":{"a":0,"k":[100,100],"ix":3},"r":{"a":0,"k":0,"ix":6},"o":{"a":0,"k":100,"ix":7},"sk":{"a":0,"k":0,"ix":4},"sa":{"a":0,"k":0,"ix":5},"nm":"Transform"}],"nm":"Group 1","np":2,"cix":2,"bm":0,"ix":1,"mn":"ADBE Vector Group","hd":false}],"ip":4.00000016292334,"op":17.0000006924242,"st":4.00000016292334,"ct":1,"bm":0},{"ddd":0,"ind":14,"ty":4,"nm":"Layer 3 Outlines","sr":1,"ks":{"o":{"a":0,"k":60,"ix":11},"r":{"a":0,"k":0,"ix":10},"p":{"a":0,"k":[5663.708,2115.356,0],"ix":2,"l":2},"a":{"a":0,"k":[933.983,935.276,0],"ix":1,"l":2},"s":{"a":0,"k":[100,100,100],"ix":6,"l":2}},"ao":0,"shapes":[{"ty":"gr","it":[{"ind":0,"ty":"sh","ix":1,"ks":{"a":0,"k":{"i":[[-179.585,-160.9],[-169.205,156.745],[-230.451,244.982],[181.678,197.252],[195.158,-170.235],[182.699,-182.699],[44.637,-51.903]],"o":[[193.068,173.346],[235.116,-218.518],[164.527,-174.919],[-171.261,-186.829],[-22.847,19.717],[-223.701,223.701],[-153.637,182.695]],"v":[[-733.384,751.297],[-136.508,778.281],[769.206,-124.304],[741.166,-736.774],[108.999,-764.791],[-262.112,-398.876],[-780.096,129.5]],"c":true},"ix":2},"nm":"Path 1","mn":"ADBE Vector Shape - Group","hd":false},{"ty":"fl","c":{"a":0,"k":[0.932043457031,0.259413446165,0.259990198472,1],"ix":4},"o":{"a":0,"k":100,"ix":5},"r":1,"bm":0,"nm":"Fill 1","mn":"ADBE Vector Graphic - Fill","hd":false},{"ty":"tr","p":{"a":0,"k":[933.983,935.276],"ix":2},"a":{"a":0,"k":[0,0],"ix":1},"s":{"a":0,"k":[100,100],"ix":3},"r":{"a":0,"k":0,"ix":6},"o":{"a":0,"k":100,"ix":7},"sk":{"a":0,"k":0,"ix":4},"sa":{"a":0,"k":0,"ix":5},"nm":"Transform"}],"nm":"Group 1","np":2,"cix":2,"bm":0,"ix":1,"mn":"ADBE Vector Group","hd":false}],"ip":0,"op":17.0000006924242,"st":0,"ct":1,"bm":0},{"ddd":0,"ind":15,"ty":4,"nm":"Layer 2 Outlines 2","sr":1,"ks":{"o":{"a":0,"k":100,"ix":11},"r":{"a":0,"k":0,"ix":10},"p":{"a":0,"k":[3886.551,1380.484,0],"ix":2,"l":2},"a":{"a":0,"k":[467.089,1059.805,0],"ix":1,"l":2},"s":{"a":0,"k":[100,100,100],"ix":6,"l":2}},"ao":0,"shapes":[{"ty":"gr","it":[{"ind":0,"ty":"sh","ix":1,"ks":{"a":0,"k":{"i":[[240.76,-13.212],[8.811,-230.481],[-10.274,-336.182],[-267.944,-11.013],[-17.624,258.371],[0,258.375],[5.138,68.265]],"o":[[-259.094,13.946],[-11.736,320.767],[7.349,240.024],[253.208,11.008],[2.213,-30.098],[0,-316.362],[-20.547,-237.822]],"v":[[-13.217,-1046.343],[-454.352,-643.367],[-456.565,635.293],[-3.655,1048.547],[463.165,621.349],[466.839,100.193],[459.49,-639.697]],"c":true},"ix":2},"nm":"Path 1","mn":"ADBE Vector Shape - Group","hd":false},{"ty":"fl","c":{"a":0,"k":[0.962717273189,0.541425338446,0.249907579609,1],"ix":4},"o":{"a":0,"k":100,"ix":5},"r":1,"bm":0,"nm":"Fill 1","mn":"ADBE Vector Graphic - Fill","hd":false},{"ty":"tr","p":{"a":0,"k":[467.089,1059.805],"ix":2},"a":{"a":0,"k":[0,0],"ix":1},"s":{"a":0,"k":[100,100],"ix":3},"r":{"a":0,"k":0,"ix":6},"o":{"a":0,"k":100,"ix":7},"sk":{"a":0,"k":0,"ix":4},"sa":{"a":0,"k":0,"ix":5},"nm":"Transform"}],"nm":"Group 1","np":2,"cix":2,"bm":0,"ix":1,"mn":"ADBE Vector Group","hd":false}],"ip":2.00000008146167,"op":17.0000006924242,"st":2.00000008146167,"ct":1,"bm":0},{"ddd":0,"ind":16,"ty":4,"nm":"Layer 2 Outlines","sr":1,"ks":{"o":{"a":0,"k":60,"ix":11},"r":{"a":0,"k":0,"ix":10},"p":{"a":0,"k":[3886.551,1380.484,0],"ix":2,"l":2},"a":{"a":0,"k":[467.089,1059.805,0],"ix":1,"l":2},"s":{"a":0,"k":[100,100,100],"ix":6,"l":2}},"ao":0,"shapes":[{"ty":"gr","it":[{"ind":0,"ty":"sh","ix":1,"ks":{"a":0,"k":{"i":[[240.76,-13.212],[8.811,-230.481],[-10.274,-336.182],[-267.944,-11.013],[-17.624,258.371],[0,258.375],[5.138,68.265]],"o":[[-259.094,13.946],[-11.736,320.767],[7.349,240.024],[253.208,11.008],[2.213,-30.098],[0,-316.362],[-20.547,-237.822]],"v":[[-13.217,-1046.343],[-454.352,-643.367],[-456.565,635.293],[-3.655,1048.547],[463.165,621.349],[466.839,100.193],[459.49,-639.697]],"c":true},"ix":2},"nm":"Path 1","mn":"ADBE Vector Shape - Group","hd":false},{"ty":"fl","c":{"a":0,"k":[0.962717273189,0.541425338446,0.249907579609,1],"ix":4},"o":{"a":0,"k":100,"ix":5},"r":1,"bm":0,"nm":"Fill 1","mn":"ADBE Vector Graphic - Fill","hd":false},{"ty":"tr","p":{"a":0,"k":[467.089,1059.805],"ix":2},"a":{"a":0,"k":[0,0],"ix":1},"s":{"a":0,"k":[100,100],"ix":3},"r":{"a":0,"k":0,"ix":6},"o":{"a":0,"k":100,"ix":7},"sk":{"a":0,"k":0,"ix":4},"sa":{"a":0,"k":0,"ix":5},"nm":"Transform"}],"nm":"Group 1","np":2,"cix":2,"bm":0,"ix":1,"mn":"ADBE Vector Group","hd":false}],"ip":0,"op":17.0000006924242,"st":0,"ct":1,"bm":0}],"markers":[],"props":{}}