{"v":"5.6.3","fr":25,"ip":0,"op":60,"w":1000,"h":500,"nm":"Add to Cart","ddd":0,"assets":[{"id":"comp_0","layers":[{"ddd":0,"ind":1,"ty":4,"nm":"BG 2","parent":4,"td":1,"sr":1,"ks":{"o":{"a":0,"k":100,"ix":11},"r":{"a":0,"k":0,"ix":10},"p":{"a":0,"k":[1,12.5,0],"ix":2},"a":{"a":0,"k":[1,12.5,0],"ix":1},"s":{"a":0,"k":[100.787,100.787,100],"ix":6}},"ao":0,"shapes":[{"ty":"gr","it":[{"ty":"rc","d":1,"s":{"a":0,"k":[898,201],"ix":2},"p":{"a":0,"k":[0,0],"ix":3},"r":{"a":0,"k":209,"ix":4},"nm":"Rectangle Path 1","mn":"ADBE Vector Shape - Rect","hd":false},{"ty":"fl","c":{"a":0,"k":[0.058823529412,0.062745098039,0.094117647059,1],"ix":4},"o":{"a":0,"k":100,"ix":5},"r":1,"bm":0,"nm":"Fill 1","mn":"ADBE Vector Graphic - Fill","hd":false},{"ty":"tr","p":{"a":0,"k":[1,12.5],"ix":2},"a":{"a":0,"k":[0,0],"ix":1},"s":{"a":0,"k":[100,100],"ix":3},"r":{"a":0,"k":0,"ix":6},"o":{"a":0,"k":100,"ix":7},"sk":{"a":0,"k":0,"ix":4},"sa":{"a":0,"k":0,"ix":5},"nm":"Transform"}],"nm":"Rectangle 1","np":2,"cix":2,"bm":0,"ix":1,"mn":"ADBE Vector Group","hd":false}],"ip":0,"op":75,"st":0,"bm":0},{"ddd":0,"ind":2,"ty":0,"nm":"Pre-comp 1","parent":4,"tt":1,"refId":"comp_1","sr":1,"ks":{"o":{"a":0,"k":100,"ix":11},"r":{"a":0,"k":0,"ix":10},"p":{"a":0,"k":[-0.008,13.004,0],"ix":2},"a":{"a":0,"k":[500,250,0],"ix":1},"s":{"a":0,"k":[100.787,100.787,100],"ix":6}},"ao":0,"w":1000,"h":500,"ip":0,"op":75,"st":0,"bm":0},{"ddd":0,"ind":3,"ty":4,"nm":"Bag 2","parent":4,"sr":1,"ks":{"o":{"a":0,"k":100,"ix":11},"r":{"a":0,"k":0,"ix":10},"p":{"a":1,"k":[{"i":{"x":0.667,"y":1},"o":{"x":0.333,"y":0},"t":0,"s":[1,12.5,0],"to":[0,-24.357,0],"ti":[0,24.357,0]},{"i":{"x":0.667,"y":0.667},"o":{"x":0.333,"y":0.333},"t":13,"s":[1,-133.642,0],"to":[0,0,0],"ti":[0,0,0]},{"i":{"x":0.667,"y":1},"o":{"x":0.333,"y":0},"t":18,"s":[1,-133.642,0],"to":[0,23.349,0],"ti":[0,-23.349,0]},{"t":33,"s":[1,6.453,0]}],"ix":2},"a":{"a":0,"k":[-142.36,55.657,0],"ix":1},"s":{"a":0,"k":[14.212,14.212,100],"ix":6}},"ao":0,"shapes":[{"ty":"gr","it":[{"ind":0,"ty":"sh","ix":1,"ks":{"a":0,"k":{"i":[[-3.675,0],[0,3.676],[3.671,0],[0,-3.676]],"o":[[3.671,0],[0,-3.676],[-3.675,0],[0,3.676]],"v":[[-91.417,-11.398],[-84.746,-18.073],[-91.417,-24.749],[-98.096,-18.073]],"c":true},"ix":2},"nm":"Path 1","mn":"ADBE Vector Shape - Group","hd":false},{"ty":"fl","c":{"a":0,"k":[0.019607843831,0.184313729405,0.270588248968,1],"ix":4},"o":{"a":0,"k":100,"ix":5},"r":1,"bm":0,"nm":"Fill 1","mn":"ADBE Vector Graphic - Fill","hd":false},{"ty":"tr","p":{"a":0,"k":[0,0],"ix":2},"a":{"a":0,"k":[0,0],"ix":1},"s":{"a":0,"k":[100,100],"ix":3},"r":{"a":0,"k":0,"ix":6},"o":{"a":0,"k":100,"ix":7},"sk":{"a":0,"k":0,"ix":4},"sa":{"a":0,"k":0,"ix":5},"nm":"Transform"}],"nm":"Group 1","np":2,"cix":2,"bm":0,"ix":1,"mn":"ADBE Vector Group","hd":false},{"ty":"gr","it":[{"ind":0,"ty":"sh","ix":1,"ks":{"a":0,"k":{"i":[[-15.071,0],[-9.881,-9.874],[0,-15.072],[0,0],[8.793,8.797],[13.422,0],[8.795,-8.794],[0,-13.423],[0,0],[-9.876,9.878]],"o":[[15.069,0],[9.876,9.878],[0,0],[0,-13.423],[-8.797,-8.794],[-13.424,0],[-8.797,8.797],[0,0],[0,-15.072],[9.878,-9.874]],"v":[[-142.359,-76.967],[-103.761,-60.984],[-87.78,-22.387],[-93.749,-22.387],[-107.986,-56.761],[-142.359,-70.999],[-176.732,-56.761],[-190.971,-22.387],[-196.939,-22.387],[-180.955,-60.984]],"c":true},"ix":2},"nm":"Path 1","mn":"ADBE Vector Shape - Group","hd":false},{"ty":"fl","c":{"a":0,"k":[0.019607843831,0.184313729405,0.270588248968,1],"ix":4},"o":{"a":0,"k":100,"ix":5},"r":1,"bm":0,"nm":"Fill 1","mn":"ADBE Vector Graphic - Fill","hd":false},{"ty":"tr","p":{"a":0,"k":[0,0],"ix":2},"a":{"a":0,"k":[0,0],"ix":1},"s":{"a":0,"k":[100,100],"ix":3},"r":{"a":0,"k":0,"ix":6},"o":{"a":0,"k":100,"ix":7},"sk":{"a":0,"k":0,"ix":4},"sa":{"a":0,"k":0,"ix":5},"nm":"Transform"}],"nm":"Group 2","np":2,"cix":2,"bm":0,"ix":2,"mn":"ADBE Vector Group","hd":false},{"ty":"gr","it":[{"ty":"rc","d":1,"s":{"a":0,"k":[220.715,232.132],"ix":2},"p":{"a":0,"k":[0,0],"ix":3},"r":{"a":0,"k":0,"ix":4},"nm":"Rectangle Path 1","mn":"ADBE Vector Shape - Rect","hd":false},{"ty":"fl","c":{"a":0,"k":[1,1,1,1],"ix":4},"o":{"a":0,"k":100,"ix":5},"r":1,"bm":0,"nm":"Fill 1","mn":"ADBE Vector Graphic - Fill","hd":false},{"ty":"tr","p":{"a":0,"k":[-142.803,187.902],"ix":2},"a":{"a":0,"k":[-0.443,115.687],"ix":1},"s":{"a":1,"k":[{"i":{"x":[0.833,0.833],"y":[0.833,0.833]},"o":{"x":[0.167,0.167],"y":[0.167,0.167]},"t":22,"s":[100,0]},{"t":25,"s":[100,100]}],"ix":3},"r":{"a":0,"k":0,"ix":6},"o":{"a":0,"k":100,"ix":7},"sk":{"a":0,"k":0,"ix":4},"sa":{"a":0,"k":0,"ix":5},"nm":"Transform"}],"nm":"Group 4","np":2,"cix":2,"bm":0,"ix":3,"mn":"ADBE Vector Group","hd":false},{"ty":"gr","it":[{"ty":"rc","d":1,"s":{"a":0,"k":[220.715,232.132],"ix":2},"p":{"a":0,"k":[0,0],"ix":3},"r":{"a":0,"k":0,"ix":4},"nm":"Rectangle Path 1","mn":"ADBE Vector Shape - Rect","hd":false},{"ty":"fl","c":{"a":0,"k":[0.058823529412,0.062745098039,0.094117647059,1],"ix":4},"o":{"a":0,"k":100,"ix":5},"r":1,"bm":0,"nm":"Fill 1","mn":"ADBE Vector Graphic - Fill","hd":false},{"ty":"tr","p":{"a":0,"k":[-142.36,-41.257],"ix":2},"a":{"a":0,"k":[0,-113.471],"ix":1},"s":{"a":0,"k":[100,100],"ix":3},"r":{"a":0,"k":0,"ix":6},"o":{"a":0,"k":100,"ix":7},"sk":{"a":0,"k":0,"ix":4},"sa":{"a":0,"k":0,"ix":5},"nm":"Transform"}],"nm":"Group 3","np":2,"cix":2,"bm":0,"ix":4,"mn":"ADBE Vector Group","hd":false}],"ip":22,"op":34,"st":0,"bm":0},{"ddd":0,"ind":4,"ty":4,"nm":"BG","sr":1,"ks":{"o":{"a":0,"k":100,"ix":11},"r":{"a":0,"k":0,"ix":10},"p":{"a":0,"k":[501,249.5,0],"ix":2},"a":{"a":0,"k":[1,12.5,0],"ix":1},"s":{"a":1,"k":[{"i":{"x":[0.667,0.667,0.667],"y":[1,1,1]},"o":{"x":[0.333,0.333,0.333],"y":[0,0,0]},"t":0,"s":[100,100,100]},{"i":{"x":[0.667,0.667,0.667],"y":[1,1,1]},"o":{"x":[0.333,0.333,0.333],"y":[0,0,0]},"t":4,"s":[95,95,100]},{"t":8,"s":[100,100,100]}],"ix":6}},"ao":0,"shapes":[{"ty":"gr","it":[{"ty":"rc","d":1,"s":{"a":0,"k":[898,201],"ix":2},"p":{"a":0,"k":[0,0],"ix":3},"r":{"a":0,"k":209,"ix":4},"nm":"Rectangle Path 1","mn":"ADBE Vector Shape - Rect","hd":false},{"ty":"fl","c":{"a":0,"k":[0.058823529412,0.062745098039,0.094117647059,1],"ix":4},"o":{"a":0,"k":100,"ix":5},"r":1,"bm":0,"nm":"Fill 1","mn":"ADBE Vector Graphic - Fill","hd":false},{"ty":"tr","p":{"a":0,"k":[1,12.5],"ix":2},"a":{"a":0,"k":[0,0],"ix":1},"s":{"a":0,"k":[100,100],"ix":3},"r":{"a":0,"k":0,"ix":6},"o":{"a":0,"k":100,"ix":7},"sk":{"a":0,"k":0,"ix":4},"sa":{"a":0,"k":0,"ix":5},"nm":"Transform"}],"nm":"Rectangle 1","np":2,"cix":2,"bm":0,"ix":1,"mn":"ADBE Vector Group","hd":false}],"ip":0,"op":75,"st":0,"bm":0},{"ddd":0,"ind":5,"ty":4,"nm":"Bag","parent":4,"sr":1,"ks":{"o":{"a":0,"k":100,"ix":11},"r":{"a":0,"k":0,"ix":10},"p":{"a":1,"k":[{"i":{"x":0.667,"y":1},"o":{"x":0.333,"y":0},"t":0,"s":[1,12.5,0],"to":[0,-24.357,0],"ti":[0,24.357,0]},{"i":{"x":0.667,"y":0.667},"o":{"x":0.333,"y":0.333},"t":13,"s":[1,-133.642,0],"to":[0,0,0],"ti":[0,0,0]},{"i":{"x":0.667,"y":1},"o":{"x":0.333,"y":0},"t":18,"s":[1,-133.642,0],"to":[0,23.349,0],"ti":[0,-23.349,0]},{"t":33,"s":[1,6.453,0]}],"ix":2},"a":{"a":0,"k":[-142.36,55.657,0],"ix":1},"s":{"a":0,"k":[14.212,14.212,100],"ix":6}},"ao":0,"shapes":[{"ty":"gr","it":[{"ind":0,"ty":"sh","ix":1,"ks":{"a":0,"k":{"i":[[-3.675,0],[0,3.676],[3.671,0],[0,-3.676]],"o":[[3.671,0],[0,-3.676],[-3.675,0],[0,3.676]],"v":[[-91.417,-11.398],[-84.746,-18.073],[-91.417,-24.749],[-98.096,-18.073]],"c":true},"ix":2},"nm":"Path 1","mn":"ADBE Vector Shape - Group","hd":false},{"ty":"fl","c":{"a":0,"k":[0.019607843831,0.184313729405,0.270588248968,1],"ix":4},"o":{"a":0,"k":100,"ix":5},"r":1,"bm":0,"nm":"Fill 1","mn":"ADBE Vector Graphic - Fill","hd":false},{"ty":"tr","p":{"a":0,"k":[0,0],"ix":2},"a":{"a":0,"k":[0,0],"ix":1},"s":{"a":0,"k":[100,100],"ix":3},"r":{"a":0,"k":0,"ix":6},"o":{"a":0,"k":100,"ix":7},"sk":{"a":0,"k":0,"ix":4},"sa":{"a":0,"k":0,"ix":5},"nm":"Transform"}],"nm":"Group 1","np":2,"cix":2,"bm":0,"ix":1,"mn":"ADBE Vector Group","hd":false},{"ty":"gr","it":[{"ind":0,"ty":"sh","ix":1,"ks":{"a":0,"k":{"i":[[-15.071,0],[-9.881,-9.874],[0,-15.072],[0,0],[8.793,8.797],[13.422,0],[8.795,-8.794],[0,-13.423],[0,0],[-9.876,9.878]],"o":[[15.069,0],[9.876,9.878],[0,0],[0,-13.423],[-8.797,-8.794],[-13.424,0],[-8.797,8.797],[0,0],[0,-15.072],[9.878,-9.874]],"v":[[-142.359,-76.967],[-103.761,-60.984],[-87.78,-22.387],[-93.749,-22.387],[-107.986,-56.761],[-142.359,-70.999],[-176.732,-56.761],[-190.971,-22.387],[-196.939,-22.387],[-180.955,-60.984]],"c":true},"ix":2},"nm":"Path 1","mn":"ADBE Vector Shape - Group","hd":false},{"ty":"fl","c":{"a":0,"k":[0.019607843831,0.184313729405,0.270588248968,1],"ix":4},"o":{"a":0,"k":100,"ix":5},"r":1,"bm":0,"nm":"Fill 1","mn":"ADBE Vector Graphic - Fill","hd":false},{"ty":"tr","p":{"a":0,"k":[0,0],"ix":2},"a":{"a":0,"k":[0,0],"ix":1},"s":{"a":0,"k":[100,100],"ix":3},"r":{"a":0,"k":0,"ix":6},"o":{"a":0,"k":100,"ix":7},"sk":{"a":0,"k":0,"ix":4},"sa":{"a":0,"k":0,"ix":5},"nm":"Transform"}],"nm":"Group 2","np":2,"cix":2,"bm":0,"ix":2,"mn":"ADBE Vector Group","hd":false},{"ty":"gr","it":[{"ty":"rc","d":1,"s":{"a":0,"k":[220.715,232.132],"ix":2},"p":{"a":0,"k":[0,0],"ix":3},"r":{"a":0,"k":0,"ix":4},"nm":"Rectangle Path 1","mn":"ADBE Vector Shape - Rect","hd":false},{"ty":"fl","c":{"a":0,"k":[0.058823529412,0.062745098039,0.094117647059,1],"ix":4},"o":{"a":0,"k":100,"ix":5},"r":1,"bm":0,"nm":"Fill 1","mn":"ADBE Vector Graphic - Fill","hd":false},{"ty":"tr","p":{"a":0,"k":[-142.36,72.214],"ix":2},"a":{"a":0,"k":[0,0],"ix":1},"s":{"a":0,"k":[100,100],"ix":3},"r":{"a":0,"k":0,"ix":6},"o":{"a":0,"k":100,"ix":7},"sk":{"a":0,"k":0,"ix":4},"sa":{"a":0,"k":0,"ix":5},"nm":"Transform"}],"nm":"Group 3","np":2,"cix":2,"bm":0,"ix":3,"mn":"ADBE Vector Group","hd":false}],"ip":0,"op":34,"st":0,"bm":0}]},{"id":"comp_1","layers":[{"ddd":0,"ind":1,"ty":4,"nm":"Shape Layer 1","parent":4,"sr":1,"ks":{"o":{"a":0,"k":100,"ix":11},"r":{"a":0,"k":0,"ix":10},"p":{"a":0,"k":[-442.325,-52.914,0],"ix":2},"a":{"a":0,"k":[9.977,-28.254,0],"ix":1},"s":{"a":0,"k":[193.626,193.626,100],"ix":6}},"ao":0,"shapes":[{"ty":"gr","it":[{"ind":0,"ty":"sh","ix":1,"ks":{"a":1,"k":[{"i":{"x":0.667,"y":1},"o":{"x":0.333,"y":0},"t":27,"s":[{"i":[[0,0],[0,0],[0,0],[0,0],[0,0]],"o":[[0,0],[0,0],[0,0],[0,0],[0,0]],"v":[[50,-28.5],[-31.25,-28],[-31.5,-27.75],[50.25,-28],[50.25,-28]],"c":true}]},{"t":32,"s":[{"i":[[0,0],[0,0],[0,0],[0,0],[0,0]],"o":[[0,0],[0,0],[0,0],[0,0],[0,0]],"v":[[50,-28.5],[-31.25,-28],[-21,14.25],[38.25,12.25],[48,-18.5]],"c":true}]}],"ix":2},"nm":"Path 1","mn":"ADBE Vector Shape - Group","hd":false},{"ty":"st","c":{"a":0,"k":[0,0,0,1],"ix":3},"o":{"a":0,"k":100,"ix":4},"w":{"a":0,"k":0,"ix":5},"lc":1,"lj":1,"ml":4,"bm":0,"nm":"Stroke 1","mn":"ADBE Vector Graphic - Stroke","hd":false},{"ty":"fl","c":{"a":0,"k":[1,1,1,1],"ix":4},"o":{"a":0,"k":100,"ix":5},"r":1,"bm":0,"nm":"Fill 1","mn":"ADBE Vector Graphic - Fill","hd":false},{"ty":"tr","p":{"a":0,"k":[0,0],"ix":2},"a":{"a":0,"k":[0,0],"ix":1},"s":{"a":0,"k":[100,100],"ix":3},"r":{"a":0,"k":0,"ix":6},"o":{"a":0,"k":100,"ix":7},"sk":{"a":0,"k":0,"ix":4},"sa":{"a":0,"k":0,"ix":5},"nm":"Transform"}],"nm":"Shape 1","np":3,"cix":2,"bm":0,"ix":1,"mn":"ADBE Vector Group","hd":false}],"ip":27,"op":75,"st":0,"bm":0},{"ddd":0,"ind":2,"ty":5,"nm":"ADD TO CART","sr":1,"ks":{"o":{"a":1,"k":[{"i":{"x":[0.667],"y":[1]},"o":{"x":[0.333],"y":[0]},"t":10,"s":[100]},{"i":{"x":[0.833],"y":[1]},"o":{"x":[0.333],"y":[0]},"t":20,"s":[0]},{"i":{"x":[0.833],"y":[1]},"o":{"x":[0.167],"y":[0]},"t":49,"s":[0]},{"t":59,"s":[100]}],"ix":11},"r":{"a":0,"k":0,"ix":10},"p":{"a":0,"k":[571,249.5,0],"ix":2},"a":{"a":0,"k":[-1,-18.765,0],"ix":1},"s":{"a":0,"k":[100,100,100],"ix":6}},"ao":0,"t":{"d":{"k":[{"s":{"s":70,"f":"Poppins-Medium","t":"ADD TO CART","j":2,"tr":0,"lh":84,"ls":0,"fc":[1,1,1]},"t":0}]},"p":{},"m":{"g":1,"a":{"a":0,"k":[0,0],"ix":2}},"a":[]},"ip":0,"op":75,"st":0,"bm":0},{"ddd":0,"ind":3,"ty":4,"nm":"Layer 2","sr":1,"ks":{"o":{"a":0,"k":100,"ix":11},"r":{"a":0,"k":0,"ix":10},"p":{"a":1,"k":[{"i":{"x":0.667,"y":1},"o":{"x":0.333,"y":0},"t":49,"s":[-56.786,294.711,0],"to":[31.667,0,0],"ti":[-31.667,0,0]},{"t":59,"s":[133.214,294.711,0]}],"ix":2},"a":{"a":0,"k":[-565.786,88.365,0],"ix":1},"s":{"a":0,"k":[51.646,51.646,100],"ix":6}},"ao":0,"shapes":[{"ty":"gr","it":[{"ind":0,"ty":"sh","ix":1,"ks":{"a":0,"k":{"i":[[0,0],[0,0],[0,0],[0,0],[5.348,1.623],[38.783,0],[1.912,-0.002],[0,0],[-2.951,0],[-2.357,-0.399],[0,0],[-0.343,-0.698],[0,0],[0,0],[0,0]],"o":[[0,0],[0,0],[0,0],[0,-1.946],[-0.985,-0.299],[-1.859,0],[0,0],[3.141,-0.005],[25.761,0],[0,0],[2.059,0.65],[0,0],[0,0],[0,0],[0,0]],"v":[[-504.543,28.936],[-384.605,28.936],[-361.107,-47.435],[-361.107,-47.775],[-367.882,-55.071],[-415.094,-55.872],[-420.752,-55.868],[-420.752,-51.341],[-411.606,-51.348],[-369.23,-50.747],[-369.087,-50.713],[-365.844,-48.396],[-365.658,-48.017],[-387.945,24.415],[-504.543,24.415]],"c":true},"ix":2},"nm":"Path 1","mn":"ADBE Vector Shape - Group","hd":false},{"ty":"fl","c":{"a":0,"k":[1,1,1,1],"ix":4},"o":{"a":0,"k":100,"ix":5},"r":1,"bm":0,"nm":"Fill 1","mn":"ADBE Vector Graphic - Fill","hd":false},{"ty":"tr","p":{"a":0,"k":[0,0],"ix":2},"a":{"a":0,"k":[0,0],"ix":1},"s":{"a":0,"k":[100,100],"ix":3},"r":{"a":0,"k":0,"ix":6},"o":{"a":0,"k":100,"ix":7},"sk":{"a":0,"k":0,"ix":4},"sa":{"a":0,"k":0,"ix":5},"nm":"Transform"}],"nm":"Group 1","np":2,"cix":2,"bm":0,"ix":1,"mn":"ADBE Vector Group","hd":false},{"ty":"gr","it":[{"ind":0,"ty":"sh","ix":1,"ks":{"a":0,"k":{"i":[[0,0],[0,0],[0,0],[0,0],[0,0],[0.954,0.311],[31.484,0],[3.515,-0.006],[0,0],[0,0],[0,0],[-2.203,0],[-1.262,-0.383],[0,-2.533],[0,0],[0,0]],"o":[[0,0],[0,0],[0,0],[0,0],[-0.244,-0.251],[-1.718,-0.258],[-3.282,0],[0,0],[0,0],[0,0],[2.279,-0.003],[40.237,0],[6.541,1.985],[0,0],[0,0],[0,0]],"v":[[-383.033,31.066],[-506.673,31.066],[-506.673,22.285],[-389.518,22.285],[-367.97,-47.744],[-369.656,-48.658],[-411.606,-49.219],[-421.815,-49.209],[-422.882,-49.207],[-422.882,-57.996],[-421.818,-57.997],[-415.094,-58.002],[-367.264,-57.11],[-358.977,-47.775],[-358.977,-47.115],[-359.024,-46.962]],"c":true},"ix":2},"nm":"Path 1","mn":"ADBE Vector Shape - Group","hd":false},{"ty":"fl","c":{"a":0,"k":[1,1,1,1],"ix":4},"o":{"a":0,"k":100,"ix":5},"r":1,"bm":0,"nm":"Fill 1","mn":"ADBE Vector Graphic - Fill","hd":false},{"ty":"tr","p":{"a":0,"k":[0,0],"ix":2},"a":{"a":0,"k":[0,0],"ix":1},"s":{"a":0,"k":[100,100],"ix":3},"r":{"a":0,"k":0,"ix":6},"o":{"a":0,"k":100,"ix":7},"sk":{"a":0,"k":0,"ix":4},"sa":{"a":0,"k":0,"ix":5},"nm":"Transform"}],"nm":"Group 2","np":2,"cix":2,"bm":0,"ix":2,"mn":"ADBE Vector Group","hd":false},{"ty":"gr","it":[{"ind":0,"ty":"sh","ix":1,"ks":{"a":0,"k":{"i":[[5.945,1.805],[28.641,-0.038],[0,0],[-2.87,-0.486],[-0.218,-0.443],[0,0],[0,0],[0,0],[0,0],[0,0],[0,0]],"o":[[-2.275,-0.691],[0,0],[28.115,-0.05],[1.767,0.557],[0,0],[0,0],[0,0],[0,0],[0,0],[0,0],[0,-2.24]],"v":[[-367.573,-56.09],[-421.817,-56.932],[-421.817,-50.274],[-369.408,-49.697],[-366.8,-47.926],[-388.732,23.35],[-505.608,23.35],[-505.608,30.001],[-383.819,30.001],[-360.042,-47.275],[-360.042,-47.775]],"c":true},"ix":2},"nm":"Path 1","mn":"ADBE Vector Shape - Group","hd":false},{"ty":"fl","c":{"a":0,"k":[1,1,1,1],"ix":4},"o":{"a":0,"k":100,"ix":5},"r":1,"bm":0,"nm":"Fill 1","mn":"ADBE Vector Graphic - Fill","hd":false},{"ty":"tr","p":{"a":0,"k":[0,0],"ix":2},"a":{"a":0,"k":[0,0],"ix":1},"s":{"a":0,"k":[100,100],"ix":3},"r":{"a":0,"k":0,"ix":6},"o":{"a":0,"k":100,"ix":7},"sk":{"a":0,"k":0,"ix":4},"sa":{"a":0,"k":0,"ix":5},"nm":"Transform"}],"nm":"Group 3","np":2,"cix":2,"bm":0,"ix":3,"mn":"ADBE Vector Group","hd":false},{"ty":"gr","it":[{"ty":"gr","it":[{"ind":0,"ty":"sh","ix":1,"ks":{"a":0,"k":{"i":[[19.745,-0.116],[0,0],[-31.802,0.119],[0,0]],"o":[[0,0],[31.759,-0.187],[0,0],[-40.277,0.156]],"v":[[-523.693,-55.381],[-523.612,-50.859],[-426.587,-51.327],[-426.587,-55.857]],"c":true},"ix":2},"nm":"Path 1","mn":"ADBE Vector Shape - Group","hd":false},{"ind":1,"ty":"sh","ix":2,"ks":{"a":0,"k":{"i":[[0,0],[0,0],[0,0],[-42.299,0.162],[0,0],[0,0],[0,0],[32.917,-0.195]],"o":[[0,0],[0,0],[19.504,-0.115],[0,0],[0,0],[0,0],[-32.963,0.122],[0,0]],"v":[[-527.278,-48.708],[-527.437,-57.488],[-525.584,-57.5],[-424.747,-57.995],[-422.882,-58.002],[-422.882,-49.21],[-424.723,-49.204],[-525.425,-48.719]],"c":true},"ix":2},"nm":"Path 2","mn":"ADBE Vector Shape - Group","hd":false},{"ty":"fl","c":{"a":0,"k":[1,1,1,1],"ix":4},"o":{"a":0,"k":100,"ix":5},"r":1,"bm":0,"nm":"Fill 1","mn":"ADBE Vector Graphic - Fill","hd":false},{"ty":"tr","p":{"a":0,"k":[0,0],"ix":2},"a":{"a":0,"k":[0,0],"ix":1},"s":{"a":0,"k":[100,100],"ix":3},"r":{"a":0,"k":0,"ix":6},"o":{"a":0,"k":100,"ix":7},"sk":{"a":0,"k":0,"ix":4},"sa":{"a":0,"k":0,"ix":5},"nm":"Transform"}],"nm":"Group 1","np":3,"cix":2,"bm":0,"ix":1,"mn":"ADBE Vector Group","hd":false},{"ty":"gr","it":[{"ind":0,"ty":"sh","ix":1,"ks":{"a":0,"k":{"i":[[0,0],[21.433,-0.127],[0,0],[-34.83,0.129]],"o":[[-41.247,0.158],[0,0],[30.602,-0.181],[0,0]],"v":[[-424.734,-56.93],[-525.565,-56.435],[-525.445,-49.784],[-424.734,-50.268]],"c":true},"ix":2},"nm":"Path 1","mn":"ADBE Vector Shape - Group","hd":false},{"ty":"fl","c":{"a":0,"k":[1,1,1,1],"ix":4},"o":{"a":0,"k":100,"ix":5},"r":1,"bm":0,"nm":"Fill 1","mn":"ADBE Vector Graphic - Fill","hd":false},{"ty":"tr","p":{"a":0,"k":[0,0],"ix":2},"a":{"a":0,"k":[0,0],"ix":1},"s":{"a":0,"k":[100,100],"ix":3},"r":{"a":0,"k":0,"ix":6},"o":{"a":0,"k":100,"ix":7},"sk":{"a":0,"k":0,"ix":4},"sa":{"a":0,"k":0,"ix":5},"nm":"Transform"}],"nm":"Group 2","np":2,"cix":2,"bm":0,"ix":2,"mn":"ADBE Vector Group","hd":false},{"ty":"tr","p":{"a":0,"k":[0,0],"ix":2},"a":{"a":0,"k":[0,0],"ix":1},"s":{"a":0,"k":[100,100],"ix":3},"r":{"a":0,"k":0,"ix":6},"o":{"a":0,"k":100,"ix":7},"sk":{"a":0,"k":0,"ix":4},"sa":{"a":0,"k":0,"ix":5},"nm":"Transform"}],"nm":"Group 4","np":2,"cix":2,"bm":0,"ix":4,"mn":"ADBE Vector Group","hd":false},{"ty":"gr","it":[{"ty":"gr","it":[{"ind":0,"ty":"sh","ix":1,"ks":{"a":0,"k":{"i":[[-0.326,0],[-0.444,-1.708],[0,0],[0.526,-0.896],[0.998,-0.261],[0.326,0],[0.446,1.709],[0,0],[-2.071,0.538]],"o":[[1.77,0],[0,0],[0.26,0.998],[-0.526,0.897],[-0.317,0.082],[-1.77,0],[0,0],[-0.538,-2.071],[0.317,-0.083]],"v":[[-534.065,-86.95],[-530.304,-84.048],[-495.277,50.535],[-495.69,53.473],[-498.055,55.268],[-499.025,55.392],[-502.787,52.489],[-537.814,-82.093],[-535.035,-86.825]],"c":true},"ix":2},"nm":"Path 1","mn":"ADBE Vector Shape - Group","hd":false},{"ind":1,"ty":"sh","ix":2,"ks":{"a":0,"k":{"i":[[-2.274,0],[-0.409,0.106],[-0.677,1.152],[0.336,1.285],[0,0],[2.274,0],[0.409,-0.106],[-0.692,-2.663],[0,0]],"o":[[0.42,0],[1.285,-0.336],[0.677,-1.153],[0,0],[-0.571,-2.196],[-0.42,0],[-2.662,0.693],[0,0],[0.572,2.197]],"v":[[-499.025,56.501],[-497.775,56.34],[-494.734,54.035],[-494.205,50.256],[-529.232,-84.328],[-534.065,-88.059],[-535.314,-87.899],[-538.886,-81.814],[-503.859,52.768]],"c":true},"ix":2},"nm":"Path 2","mn":"ADBE Vector Shape - Group","hd":false},{"ty":"fl","c":{"a":0,"k":[1,1,1,1],"ix":4},"o":{"a":0,"k":100,"ix":5},"r":1,"bm":0,"nm":"Fill 1","mn":"ADBE Vector Graphic - Fill","hd":false},{"ty":"tr","p":{"a":0,"k":[0,0],"ix":2},"a":{"a":0,"k":[0,0],"ix":1},"s":{"a":0,"k":[100,100],"ix":3},"r":{"a":0,"k":0,"ix":6},"o":{"a":0,"k":100,"ix":7},"sk":{"a":0,"k":0,"ix":4},"sa":{"a":0,"k":0,"ix":5},"nm":"Transform"}],"nm":"Group 1","np":3,"cix":2,"bm":0,"ix":1,"mn":"ADBE Vector Group","hd":false},{"ty":"gr","it":[{"ind":0,"ty":"sh","ix":1,"ks":{"a":0,"k":{"i":[[0.614,2.36],[0,0],[2.36,-0.614],[0,0],[-0.614,-2.36],[0,0],[-2.36,0.614],[0,0]],"o":[[0,0],[-0.614,-2.36],[0,0],[-2.36,0.614],[0,0],[0.614,2.36],[0,0],[2.36,-0.614]],"v":[[-494.741,50.395],[-529.767,-84.188],[-535.175,-87.362],[-535.175,-87.362],[-538.349,-81.954],[-503.323,52.629],[-497.915,55.803],[-497.915,55.803]],"c":true},"ix":2},"nm":"Path 1","mn":"ADBE Vector Shape - Group","hd":false},{"ty":"fl","c":{"a":0,"k":[1,1,1,1],"ix":4},"o":{"a":0,"k":100,"ix":5},"r":1,"bm":0,"nm":"Fill 1","mn":"ADBE Vector Graphic - Fill","hd":false},{"ty":"tr","p":{"a":0,"k":[0,0],"ix":2},"a":{"a":0,"k":[0,0],"ix":1},"s":{"a":0,"k":[100,100],"ix":3},"r":{"a":0,"k":0,"ix":6},"o":{"a":0,"k":100,"ix":7},"sk":{"a":0,"k":0,"ix":4},"sa":{"a":0,"k":0,"ix":5},"nm":"Transform"}],"nm":"Group 2","np":2,"cix":2,"bm":0,"ix":2,"mn":"ADBE Vector Group","hd":false},{"ty":"tr","p":{"a":0,"k":[0,0],"ix":2},"a":{"a":0,"k":[0,0],"ix":1},"s":{"a":0,"k":[100,100],"ix":3},"r":{"a":0,"k":0,"ix":6},"o":{"a":0,"k":100,"ix":7},"sk":{"a":0,"k":0,"ix":4},"sa":{"a":0,"k":0,"ix":5},"nm":"Transform"}],"nm":"Group 5","np":2,"cix":2,"bm":0,"ix":5,"mn":"ADBE Vector Group","hd":false},{"ty":"gr","it":[{"ty":"gr","it":[{"ind":0,"ty":"sh","ix":1,"ks":{"a":0,"k":{"i":[[0,0],[0,-2.139],[2.139,0],[0,0],[0,2.139],[-2.139,0]],"o":[[2.139,0],[0,2.139],[0,0],[-2.139,0],[0,-2.139],[0,0]],"v":[[-393.693,48.091],[-389.813,51.97],[-393.693,55.85],[-498.168,55.85],[-502.048,51.97],[-498.168,48.091]],"c":true},"ix":2},"nm":"Path 1","mn":"ADBE Vector Shape - Group","hd":false},{"ind":1,"ty":"sh","ix":2,"ks":{"a":0,"k":{"i":[[-2.751,0],[0,0],[0,2.751],[2.751,0],[0,0],[0,-2.751]],"o":[[0,0],[2.751,0],[0,-2.751],[0,0],[-2.751,0],[0,2.751]],"v":[[-498.168,56.958],[-393.693,56.958],[-388.704,51.97],[-393.693,46.982],[-498.168,46.982],[-503.156,51.97]],"c":true},"ix":2},"nm":"Path 2","mn":"ADBE Vector Shape - Group","hd":false},{"ty":"fl","c":{"a":0,"k":[1,1,1,1],"ix":4},"o":{"a":0,"k":100,"ix":5},"r":1,"bm":0,"nm":"Fill 1","mn":"ADBE Vector Graphic - Fill","hd":false},{"ty":"tr","p":{"a":0,"k":[0,0],"ix":2},"a":{"a":0,"k":[0,0],"ix":1},"s":{"a":0,"k":[100,100],"ix":3},"r":{"a":0,"k":0,"ix":6},"o":{"a":0,"k":100,"ix":7},"sk":{"a":0,"k":0,"ix":4},"sa":{"a":0,"k":0,"ix":5},"nm":"Transform"}],"nm":"Group 1","np":3,"cix":2,"bm":0,"ix":1,"mn":"ADBE Vector Group","hd":false},{"ty":"gr","it":[{"ind":0,"ty":"sh","ix":1,"ks":{"a":0,"k":{"i":[[-2.439,0],[0,0],[0,2.439],[0,0],[2.439,0],[0,0],[0,-2.439],[0,0]],"o":[[0,0],[2.439,0],[0,0],[0,-2.439],[0,0],[-2.439,0],[0,0],[0,2.439]],"v":[[-498.168,56.404],[-393.693,56.404],[-389.259,51.97],[-389.259,51.97],[-393.693,47.536],[-498.168,47.536],[-502.602,51.97],[-502.602,51.97]],"c":true},"ix":2},"nm":"Path 1","mn":"ADBE Vector Shape - Group","hd":false},{"ty":"fl","c":{"a":0,"k":[1,1,1,1],"ix":4},"o":{"a":0,"k":100,"ix":5},"r":1,"bm":0,"nm":"Fill 1","mn":"ADBE Vector Graphic - Fill","hd":false},{"ty":"tr","p":{"a":0,"k":[0,0],"ix":2},"a":{"a":0,"k":[0,0],"ix":1},"s":{"a":0,"k":[100,100],"ix":3},"r":{"a":0,"k":0,"ix":6},"o":{"a":0,"k":100,"ix":7},"sk":{"a":0,"k":0,"ix":4},"sa":{"a":0,"k":0,"ix":5},"nm":"Transform"}],"nm":"Group 2","np":2,"cix":2,"bm":0,"ix":2,"mn":"ADBE Vector Group","hd":false},{"ty":"tr","p":{"a":0,"k":[0,0],"ix":2},"a":{"a":0,"k":[0,0],"ix":1},"s":{"a":0,"k":[100,100],"ix":3},"r":{"a":0,"k":0,"ix":6},"o":{"a":0,"k":100,"ix":7},"sk":{"a":0,"k":0,"ix":4},"sa":{"a":0,"k":0,"ix":5},"nm":"Transform"}],"nm":"Group 6","np":2,"cix":2,"bm":0,"ix":6,"mn":"ADBE Vector Group","hd":false},{"ty":"gr","it":[{"ty":"gr","it":[{"ind":0,"ty":"sh","ix":1,"ks":{"a":0,"k":{"i":[[0,0],[0,-2.139],[2.139,0],[0,0],[0,2.139],[-2.139,0]],"o":[[2.139,0],[0,2.139],[0,0],[-2.139,0],[0,-2.139],[0,0]],"v":[[-534.748,-86.95],[-530.868,-83.071],[-534.748,-79.191],[-560.797,-79.191],[-564.677,-83.071],[-560.797,-86.95]],"c":true},"ix":2},"nm":"Path 1","mn":"ADBE Vector Shape - Group","hd":false},{"ind":1,"ty":"sh","ix":2,"ks":{"a":0,"k":{"i":[[-2.751,0],[0,0],[0,2.751],[2.751,0],[0,0],[0,-2.751]],"o":[[0,0],[2.751,0],[0,-2.751],[0,0],[-2.751,0],[0,2.751]],"v":[[-560.797,-78.083],[-534.748,-78.083],[-529.76,-83.071],[-534.748,-88.059],[-560.797,-88.059],[-565.786,-83.071]],"c":true},"ix":2},"nm":"Path 2","mn":"ADBE Vector Shape - Group","hd":false},{"ty":"fl","c":{"a":0,"k":[1,1,1,1],"ix":4},"o":{"a":0,"k":100,"ix":5},"r":1,"bm":0,"nm":"Fill 1","mn":"ADBE Vector Graphic - Fill","hd":false},{"ty":"tr","p":{"a":0,"k":[0,0],"ix":2},"a":{"a":0,"k":[0,0],"ix":1},"s":{"a":0,"k":[100,100],"ix":3},"r":{"a":0,"k":0,"ix":6},"o":{"a":0,"k":100,"ix":7},"sk":{"a":0,"k":0,"ix":4},"sa":{"a":0,"k":0,"ix":5},"nm":"Transform"}],"nm":"Group 1","np":3,"cix":2,"bm":0,"ix":1,"mn":"ADBE Vector Group","hd":false},{"ty":"gr","it":[{"ind":0,"ty":"sh","ix":1,"ks":{"a":0,"k":{"i":[[-2.439,0],[0,0],[0,2.439],[0,0],[2.439,0],[0,0],[0,-2.439],[0,0]],"o":[[0,0],[2.439,0],[0,0],[0,-2.439],[0,0],[-2.439,0],[0,0],[0,2.439]],"v":[[-560.797,-78.637],[-534.748,-78.637],[-530.314,-83.07],[-530.314,-83.07],[-534.748,-87.504],[-560.797,-87.504],[-565.231,-83.07],[-565.231,-83.07]],"c":true},"ix":2},"nm":"Path 1","mn":"ADBE Vector Shape - Group","hd":false},{"ty":"fl","c":{"a":0,"k":[1,1,1,1],"ix":4},"o":{"a":0,"k":100,"ix":5},"r":1,"bm":0,"nm":"Fill 1","mn":"ADBE Vector Graphic - Fill","hd":false},{"ty":"tr","p":{"a":0,"k":[0,0],"ix":2},"a":{"a":0,"k":[0,0],"ix":1},"s":{"a":0,"k":[100,100],"ix":3},"r":{"a":0,"k":0,"ix":6},"o":{"a":0,"k":100,"ix":7},"sk":{"a":0,"k":0,"ix":4},"sa":{"a":0,"k":0,"ix":5},"nm":"Transform"}],"nm":"Group 2","np":2,"cix":2,"bm":0,"ix":2,"mn":"ADBE Vector Group","hd":false},{"ty":"tr","p":{"a":0,"k":[0,0],"ix":2},"a":{"a":0,"k":[0,0],"ix":1},"s":{"a":0,"k":[100,100],"ix":3},"r":{"a":0,"k":0,"ix":6},"o":{"a":0,"k":100,"ix":7},"sk":{"a":0,"k":0,"ix":4},"sa":{"a":0,"k":0,"ix":5},"nm":"Transform"}],"nm":"Group 7","np":2,"cix":2,"bm":0,"ix":7,"mn":"ADBE Vector Group","hd":false},{"ty":"gr","it":[{"ind":0,"ty":"sh","ix":1,"ks":{"a":0,"k":{"i":[[0,-7.346],[-7.346,0],[0,7.346],[7.346,0]],"o":[[0,7.346],[7.346,0],[0,-7.346],[-7.346,0]],"v":[[-494.992,75.064],[-481.69,88.365],[-468.389,75.064],[-481.69,61.762]],"c":true},"ix":2},"nm":"Path 1","mn":"ADBE Vector Shape - Group","hd":false},{"ty":"fl","c":{"a":0,"k":[1,1,1,1],"ix":4},"o":{"a":0,"k":100,"ix":5},"r":1,"bm":0,"nm":"Fill 1","mn":"ADBE Vector Graphic - Fill","hd":false},{"ty":"tr","p":{"a":0,"k":[0,0],"ix":2},"a":{"a":0,"k":[0,0],"ix":1},"s":{"a":0,"k":[100,100],"ix":3},"r":{"a":0,"k":0,"ix":6},"o":{"a":0,"k":100,"ix":7},"sk":{"a":0,"k":0,"ix":4},"sa":{"a":0,"k":0,"ix":5},"nm":"Transform"}],"nm":"Group 8","np":2,"cix":2,"bm":0,"ix":8,"mn":"ADBE Vector Group","hd":false},{"ty":"gr","it":[{"ind":0,"ty":"sh","ix":1,"ks":{"a":0,"k":{"i":[[0,-7.346],[-7.346,0],[0,7.346],[7.346,0]],"o":[[0,7.346],[7.346,0],[0,-7.346],[-7.346,0]],"v":[[-426.223,75.064],[-412.921,88.365],[-399.619,75.064],[-412.921,61.762]],"c":true},"ix":2},"nm":"Path 1","mn":"ADBE Vector Shape - Group","hd":false},{"ty":"fl","c":{"a":0,"k":[1,1,1,1],"ix":4},"o":{"a":0,"k":100,"ix":5},"r":1,"bm":0,"nm":"Fill 1","mn":"ADBE Vector Graphic - Fill","hd":false},{"ty":"tr","p":{"a":0,"k":[0,0],"ix":2},"a":{"a":0,"k":[0,0],"ix":1},"s":{"a":0,"k":[100,100],"ix":3},"r":{"a":0,"k":0,"ix":6},"o":{"a":0,"k":100,"ix":7},"sk":{"a":0,"k":0,"ix":4},"sa":{"a":0,"k":0,"ix":5},"nm":"Transform"}],"nm":"Group 9","np":2,"cix":2,"bm":0,"ix":9,"mn":"ADBE Vector Group","hd":false}],"ip":49,"op":124,"st":49,"bm":0},{"ddd":0,"ind":4,"ty":4,"nm":"Layer 1","sr":1,"ks":{"o":{"a":0,"k":100,"ix":11},"r":{"a":1,"k":[{"i":{"x":[0.667],"y":[1]},"o":{"x":[0.333],"y":[0]},"t":33,"s":[0]},{"t":44,"s":[-8]}],"ix":10},"p":{"a":1,"k":[{"i":{"x":0.667,"y":1},"o":{"x":0.333,"y":0},"t":10,"s":[133.214,294.711,0],"to":[52.167,0,0],"ti":[-52.167,0,0]},{"i":{"x":0.667,"y":0.667},"o":{"x":0.333,"y":0.333},"t":25,"s":[446.214,294.711,0],"to":[0,0,0],"ti":[0,0,0]},{"i":{"x":0.667,"y":1},"o":{"x":0.333,"y":0},"t":33,"s":[446.214,294.711,0],"to":[86.5,0,0],"ti":[-86.5,0,0]},{"t":50,"s":[965.214,294.711,0]}],"ix":2},"a":{"a":0,"k":[-565.786,88.365,0],"ix":1},"s":{"a":0,"k":[51.646,51.646,100],"ix":6}},"ao":0,"shapes":[{"ty":"gr","it":[{"ind":0,"ty":"sh","ix":1,"ks":{"a":0,"k":{"i":[[0,0],[0,0],[0,0],[0,0],[5.348,1.623],[38.783,0],[1.912,-0.002],[0,0],[-2.951,0],[-2.357,-0.399],[0,0],[-0.343,-0.698],[0,0],[0,0],[0,0]],"o":[[0,0],[0,0],[0,0],[0,-1.946],[-0.985,-0.299],[-1.859,0],[0,0],[3.141,-0.005],[25.761,0],[0,0],[2.059,0.65],[0,0],[0,0],[0,0],[0,0]],"v":[[-504.543,28.936],[-384.605,28.936],[-361.107,-47.435],[-361.107,-47.775],[-367.882,-55.071],[-415.094,-55.872],[-420.752,-55.868],[-420.752,-51.341],[-411.606,-51.348],[-369.23,-50.747],[-369.087,-50.713],[-365.844,-48.396],[-365.658,-48.017],[-387.945,24.415],[-504.543,24.415]],"c":true},"ix":2},"nm":"Path 1","mn":"ADBE Vector Shape - Group","hd":false},{"ty":"fl","c":{"a":0,"k":[1,1,1,1],"ix":4},"o":{"a":0,"k":100,"ix":5},"r":1,"bm":0,"nm":"Fill 1","mn":"ADBE Vector Graphic - Fill","hd":false},{"ty":"tr","p":{"a":0,"k":[0,0],"ix":2},"a":{"a":0,"k":[0,0],"ix":1},"s":{"a":0,"k":[100,100],"ix":3},"r":{"a":0,"k":0,"ix":6},"o":{"a":0,"k":100,"ix":7},"sk":{"a":0,"k":0,"ix":4},"sa":{"a":0,"k":0,"ix":5},"nm":"Transform"}],"nm":"Group 1","np":2,"cix":2,"bm":0,"ix":1,"mn":"ADBE Vector Group","hd":false},{"ty":"gr","it":[{"ind":0,"ty":"sh","ix":1,"ks":{"a":0,"k":{"i":[[0,0],[0,0],[0,0],[0,0],[0,0],[0.954,0.311],[31.484,0],[3.515,-0.006],[0,0],[0,0],[0,0],[-2.203,0],[-1.262,-0.383],[0,-2.533],[0,0],[0,0]],"o":[[0,0],[0,0],[0,0],[0,0],[-0.244,-0.251],[-1.718,-0.258],[-3.282,0],[0,0],[0,0],[0,0],[2.279,-0.003],[40.237,0],[6.541,1.985],[0,0],[0,0],[0,0]],"v":[[-383.033,31.066],[-506.673,31.066],[-506.673,22.285],[-389.518,22.285],[-367.97,-47.744],[-369.656,-48.658],[-411.606,-49.219],[-421.815,-49.209],[-422.882,-49.207],[-422.882,-57.996],[-421.818,-57.997],[-415.094,-58.002],[-367.264,-57.11],[-358.977,-47.775],[-358.977,-47.115],[-359.024,-46.962]],"c":true},"ix":2},"nm":"Path 1","mn":"ADBE Vector Shape - Group","hd":false},{"ty":"fl","c":{"a":0,"k":[1,1,1,1],"ix":4},"o":{"a":0,"k":100,"ix":5},"r":1,"bm":0,"nm":"Fill 1","mn":"ADBE Vector Graphic - Fill","hd":false},{"ty":"tr","p":{"a":0,"k":[0,0],"ix":2},"a":{"a":0,"k":[0,0],"ix":1},"s":{"a":0,"k":[100,100],"ix":3},"r":{"a":0,"k":0,"ix":6},"o":{"a":0,"k":100,"ix":7},"sk":{"a":0,"k":0,"ix":4},"sa":{"a":0,"k":0,"ix":5},"nm":"Transform"}],"nm":"Group 2","np":2,"cix":2,"bm":0,"ix":2,"mn":"ADBE Vector Group","hd":false},{"ty":"gr","it":[{"ind":0,"ty":"sh","ix":1,"ks":{"a":0,"k":{"i":[[5.945,1.805],[28.641,-0.038],[0,0],[-2.87,-0.486],[-0.218,-0.443],[0,0],[0,0],[0,0],[0,0],[0,0],[0,0]],"o":[[-2.275,-0.691],[0,0],[28.115,-0.05],[1.767,0.557],[0,0],[0,0],[0,0],[0,0],[0,0],[0,0],[0,-2.24]],"v":[[-367.573,-56.09],[-421.817,-56.932],[-421.817,-50.274],[-369.408,-49.697],[-366.8,-47.926],[-388.732,23.35],[-505.608,23.35],[-505.608,30.001],[-383.819,30.001],[-360.042,-47.275],[-360.042,-47.775]],"c":true},"ix":2},"nm":"Path 1","mn":"ADBE Vector Shape - Group","hd":false},{"ty":"fl","c":{"a":0,"k":[1,1,1,1],"ix":4},"o":{"a":0,"k":100,"ix":5},"r":1,"bm":0,"nm":"Fill 1","mn":"ADBE Vector Graphic - Fill","hd":false},{"ty":"tr","p":{"a":0,"k":[0,0],"ix":2},"a":{"a":0,"k":[0,0],"ix":1},"s":{"a":0,"k":[100,100],"ix":3},"r":{"a":0,"k":0,"ix":6},"o":{"a":0,"k":100,"ix":7},"sk":{"a":0,"k":0,"ix":4},"sa":{"a":0,"k":0,"ix":5},"nm":"Transform"}],"nm":"Group 3","np":2,"cix":2,"bm":0,"ix":3,"mn":"ADBE Vector Group","hd":false},{"ty":"gr","it":[{"ty":"gr","it":[{"ind":0,"ty":"sh","ix":1,"ks":{"a":0,"k":{"i":[[19.745,-0.116],[0,0],[-31.802,0.119],[0,0]],"o":[[0,0],[31.759,-0.187],[0,0],[-40.277,0.156]],"v":[[-523.693,-55.381],[-523.612,-50.859],[-426.587,-51.327],[-426.587,-55.857]],"c":true},"ix":2},"nm":"Path 1","mn":"ADBE Vector Shape - Group","hd":false},{"ind":1,"ty":"sh","ix":2,"ks":{"a":0,"k":{"i":[[0,0],[0,0],[0,0],[-42.299,0.162],[0,0],[0,0],[0,0],[32.917,-0.195]],"o":[[0,0],[0,0],[19.504,-0.115],[0,0],[0,0],[0,0],[-32.963,0.122],[0,0]],"v":[[-527.278,-48.708],[-527.437,-57.488],[-525.584,-57.5],[-424.747,-57.995],[-422.882,-58.002],[-422.882,-49.21],[-424.723,-49.204],[-525.425,-48.719]],"c":true},"ix":2},"nm":"Path 2","mn":"ADBE Vector Shape - Group","hd":false},{"ty":"fl","c":{"a":0,"k":[1,1,1,1],"ix":4},"o":{"a":0,"k":100,"ix":5},"r":1,"bm":0,"nm":"Fill 1","mn":"ADBE Vector Graphic - Fill","hd":false},{"ty":"tr","p":{"a":0,"k":[0,0],"ix":2},"a":{"a":0,"k":[0,0],"ix":1},"s":{"a":0,"k":[100,100],"ix":3},"r":{"a":0,"k":0,"ix":6},"o":{"a":0,"k":100,"ix":7},"sk":{"a":0,"k":0,"ix":4},"sa":{"a":0,"k":0,"ix":5},"nm":"Transform"}],"nm":"Group 1","np":3,"cix":2,"bm":0,"ix":1,"mn":"ADBE Vector Group","hd":false},{"ty":"gr","it":[{"ind":0,"ty":"sh","ix":1,"ks":{"a":0,"k":{"i":[[0,0],[21.433,-0.127],[0,0],[-34.83,0.129]],"o":[[-41.247,0.158],[0,0],[30.602,-0.181],[0,0]],"v":[[-424.734,-56.93],[-525.565,-56.435],[-525.445,-49.784],[-424.734,-50.268]],"c":true},"ix":2},"nm":"Path 1","mn":"ADBE Vector Shape - Group","hd":false},{"ty":"fl","c":{"a":0,"k":[1,1,1,1],"ix":4},"o":{"a":0,"k":100,"ix":5},"r":1,"bm":0,"nm":"Fill 1","mn":"ADBE Vector Graphic - Fill","hd":false},{"ty":"tr","p":{"a":0,"k":[0,0],"ix":2},"a":{"a":0,"k":[0,0],"ix":1},"s":{"a":0,"k":[100,100],"ix":3},"r":{"a":0,"k":0,"ix":6},"o":{"a":0,"k":100,"ix":7},"sk":{"a":0,"k":0,"ix":4},"sa":{"a":0,"k":0,"ix":5},"nm":"Transform"}],"nm":"Group 2","np":2,"cix":2,"bm":0,"ix":2,"mn":"ADBE Vector Group","hd":false},{"ty":"tr","p":{"a":0,"k":[0,0],"ix":2},"a":{"a":0,"k":[0,0],"ix":1},"s":{"a":0,"k":[100,100],"ix":3},"r":{"a":0,"k":0,"ix":6},"o":{"a":0,"k":100,"ix":7},"sk":{"a":0,"k":0,"ix":4},"sa":{"a":0,"k":0,"ix":5},"nm":"Transform"}],"nm":"Group 4","np":2,"cix":2,"bm":0,"ix":4,"mn":"ADBE Vector Group","hd":false},{"ty":"gr","it":[{"ty":"gr","it":[{"ind":0,"ty":"sh","ix":1,"ks":{"a":0,"k":{"i":[[-0.326,0],[-0.444,-1.708],[0,0],[0.526,-0.896],[0.998,-0.261],[0.326,0],[0.446,1.709],[0,0],[-2.071,0.538]],"o":[[1.77,0],[0,0],[0.26,0.998],[-0.526,0.897],[-0.317,0.082],[-1.77,0],[0,0],[-0.538,-2.071],[0.317,-0.083]],"v":[[-534.065,-86.95],[-530.304,-84.048],[-495.277,50.535],[-495.69,53.473],[-498.055,55.268],[-499.025,55.392],[-502.787,52.489],[-537.814,-82.093],[-535.035,-86.825]],"c":true},"ix":2},"nm":"Path 1","mn":"ADBE Vector Shape - Group","hd":false},{"ind":1,"ty":"sh","ix":2,"ks":{"a":0,"k":{"i":[[-2.274,0],[-0.409,0.106],[-0.677,1.152],[0.336,1.285],[0,0],[2.274,0],[0.409,-0.106],[-0.692,-2.663],[0,0]],"o":[[0.42,0],[1.285,-0.336],[0.677,-1.153],[0,0],[-0.571,-2.196],[-0.42,0],[-2.662,0.693],[0,0],[0.572,2.197]],"v":[[-499.025,56.501],[-497.775,56.34],[-494.734,54.035],[-494.205,50.256],[-529.232,-84.328],[-534.065,-88.059],[-535.314,-87.899],[-538.886,-81.814],[-503.859,52.768]],"c":true},"ix":2},"nm":"Path 2","mn":"ADBE Vector Shape - Group","hd":false},{"ty":"fl","c":{"a":0,"k":[1,1,1,1],"ix":4},"o":{"a":0,"k":100,"ix":5},"r":1,"bm":0,"nm":"Fill 1","mn":"ADBE Vector Graphic - Fill","hd":false},{"ty":"tr","p":{"a":0,"k":[0,0],"ix":2},"a":{"a":0,"k":[0,0],"ix":1},"s":{"a":0,"k":[100,100],"ix":3},"r":{"a":0,"k":0,"ix":6},"o":{"a":0,"k":100,"ix":7},"sk":{"a":0,"k":0,"ix":4},"sa":{"a":0,"k":0,"ix":5},"nm":"Transform"}],"nm":"Group 1","np":3,"cix":2,"bm":0,"ix":1,"mn":"ADBE Vector Group","hd":false},{"ty":"gr","it":[{"ind":0,"ty":"sh","ix":1,"ks":{"a":0,"k":{"i":[[0.614,2.36],[0,0],[2.36,-0.614],[0,0],[-0.614,-2.36],[0,0],[-2.36,0.614],[0,0]],"o":[[0,0],[-0.614,-2.36],[0,0],[-2.36,0.614],[0,0],[0.614,2.36],[0,0],[2.36,-0.614]],"v":[[-494.741,50.395],[-529.767,-84.188],[-535.175,-87.362],[-535.175,-87.362],[-538.349,-81.954],[-503.323,52.629],[-497.915,55.803],[-497.915,55.803]],"c":true},"ix":2},"nm":"Path 1","mn":"ADBE Vector Shape - Group","hd":false},{"ty":"fl","c":{"a":0,"k":[1,1,1,1],"ix":4},"o":{"a":0,"k":100,"ix":5},"r":1,"bm":0,"nm":"Fill 1","mn":"ADBE Vector Graphic - Fill","hd":false},{"ty":"tr","p":{"a":0,"k":[0,0],"ix":2},"a":{"a":0,"k":[0,0],"ix":1},"s":{"a":0,"k":[100,100],"ix":3},"r":{"a":0,"k":0,"ix":6},"o":{"a":0,"k":100,"ix":7},"sk":{"a":0,"k":0,"ix":4},"sa":{"a":0,"k":0,"ix":5},"nm":"Transform"}],"nm":"Group 2","np":2,"cix":2,"bm":0,"ix":2,"mn":"ADBE Vector Group","hd":false},{"ty":"tr","p":{"a":0,"k":[0,0],"ix":2},"a":{"a":0,"k":[0,0],"ix":1},"s":{"a":0,"k":[100,100],"ix":3},"r":{"a":0,"k":0,"ix":6},"o":{"a":0,"k":100,"ix":7},"sk":{"a":0,"k":0,"ix":4},"sa":{"a":0,"k":0,"ix":5},"nm":"Transform"}],"nm":"Group 5","np":2,"cix":2,"bm":0,"ix":5,"mn":"ADBE Vector Group","hd":false},{"ty":"gr","it":[{"ty":"gr","it":[{"ind":0,"ty":"sh","ix":1,"ks":{"a":0,"k":{"i":[[0,0],[0,-2.139],[2.139,0],[0,0],[0,2.139],[-2.139,0]],"o":[[2.139,0],[0,2.139],[0,0],[-2.139,0],[0,-2.139],[0,0]],"v":[[-393.693,48.091],[-389.813,51.97],[-393.693,55.85],[-498.168,55.85],[-502.048,51.97],[-498.168,48.091]],"c":true},"ix":2},"nm":"Path 1","mn":"ADBE Vector Shape - Group","hd":false},{"ind":1,"ty":"sh","ix":2,"ks":{"a":0,"k":{"i":[[-2.751,0],[0,0],[0,2.751],[2.751,0],[0,0],[0,-2.751]],"o":[[0,0],[2.751,0],[0,-2.751],[0,0],[-2.751,0],[0,2.751]],"v":[[-498.168,56.958],[-393.693,56.958],[-388.704,51.97],[-393.693,46.982],[-498.168,46.982],[-503.156,51.97]],"c":true},"ix":2},"nm":"Path 2","mn":"ADBE Vector Shape - Group","hd":false},{"ty":"fl","c":{"a":0,"k":[1,1,1,1],"ix":4},"o":{"a":0,"k":100,"ix":5},"r":1,"bm":0,"nm":"Fill 1","mn":"ADBE Vector Graphic - Fill","hd":false},{"ty":"tr","p":{"a":0,"k":[0,0],"ix":2},"a":{"a":0,"k":[0,0],"ix":1},"s":{"a":0,"k":[100,100],"ix":3},"r":{"a":0,"k":0,"ix":6},"o":{"a":0,"k":100,"ix":7},"sk":{"a":0,"k":0,"ix":4},"sa":{"a":0,"k":0,"ix":5},"nm":"Transform"}],"nm":"Group 1","np":3,"cix":2,"bm":0,"ix":1,"mn":"ADBE Vector Group","hd":false},{"ty":"gr","it":[{"ind":0,"ty":"sh","ix":1,"ks":{"a":0,"k":{"i":[[-2.439,0],[0,0],[0,2.439],[0,0],[2.439,0],[0,0],[0,-2.439],[0,0]],"o":[[0,0],[2.439,0],[0,0],[0,-2.439],[0,0],[-2.439,0],[0,0],[0,2.439]],"v":[[-498.168,56.404],[-393.693,56.404],[-389.259,51.97],[-389.259,51.97],[-393.693,47.536],[-498.168,47.536],[-502.602,51.97],[-502.602,51.97]],"c":true},"ix":2},"nm":"Path 1","mn":"ADBE Vector Shape - Group","hd":false},{"ty":"fl","c":{"a":0,"k":[1,1,1,1],"ix":4},"o":{"a":0,"k":100,"ix":5},"r":1,"bm":0,"nm":"Fill 1","mn":"ADBE Vector Graphic - Fill","hd":false},{"ty":"tr","p":{"a":0,"k":[0,0],"ix":2},"a":{"a":0,"k":[0,0],"ix":1},"s":{"a":0,"k":[100,100],"ix":3},"r":{"a":0,"k":0,"ix":6},"o":{"a":0,"k":100,"ix":7},"sk":{"a":0,"k":0,"ix":4},"sa":{"a":0,"k":0,"ix":5},"nm":"Transform"}],"nm":"Group 2","np":2,"cix":2,"bm":0,"ix":2,"mn":"ADBE Vector Group","hd":false},{"ty":"tr","p":{"a":0,"k":[0,0],"ix":2},"a":{"a":0,"k":[0,0],"ix":1},"s":{"a":0,"k":[100,100],"ix":3},"r":{"a":0,"k":0,"ix":6},"o":{"a":0,"k":100,"ix":7},"sk":{"a":0,"k":0,"ix":4},"sa":{"a":0,"k":0,"ix":5},"nm":"Transform"}],"nm":"Group 6","np":2,"cix":2,"bm":0,"ix":6,"mn":"ADBE Vector Group","hd":false},{"ty":"gr","it":[{"ty":"gr","it":[{"ind":0,"ty":"sh","ix":1,"ks":{"a":0,"k":{"i":[[0,0],[0,-2.139],[2.139,0],[0,0],[0,2.139],[-2.139,0]],"o":[[2.139,0],[0,2.139],[0,0],[-2.139,0],[0,-2.139],[0,0]],"v":[[-534.748,-86.95],[-530.868,-83.071],[-534.748,-79.191],[-560.797,-79.191],[-564.677,-83.071],[-560.797,-86.95]],"c":true},"ix":2},"nm":"Path 1","mn":"ADBE Vector Shape - Group","hd":false},{"ind":1,"ty":"sh","ix":2,"ks":{"a":0,"k":{"i":[[-2.751,0],[0,0],[0,2.751],[2.751,0],[0,0],[0,-2.751]],"o":[[0,0],[2.751,0],[0,-2.751],[0,0],[-2.751,0],[0,2.751]],"v":[[-560.797,-78.083],[-534.748,-78.083],[-529.76,-83.071],[-534.748,-88.059],[-560.797,-88.059],[-565.786,-83.071]],"c":true},"ix":2},"nm":"Path 2","mn":"ADBE Vector Shape - Group","hd":false},{"ty":"fl","c":{"a":0,"k":[1,1,1,1],"ix":4},"o":{"a":0,"k":100,"ix":5},"r":1,"bm":0,"nm":"Fill 1","mn":"ADBE Vector Graphic - Fill","hd":false},{"ty":"tr","p":{"a":0,"k":[0,0],"ix":2},"a":{"a":0,"k":[0,0],"ix":1},"s":{"a":0,"k":[100,100],"ix":3},"r":{"a":0,"k":0,"ix":6},"o":{"a":0,"k":100,"ix":7},"sk":{"a":0,"k":0,"ix":4},"sa":{"a":0,"k":0,"ix":5},"nm":"Transform"}],"nm":"Group 1","np":3,"cix":2,"bm":0,"ix":1,"mn":"ADBE Vector Group","hd":false},{"ty":"gr","it":[{"ind":0,"ty":"sh","ix":1,"ks":{"a":0,"k":{"i":[[-2.439,0],[0,0],[0,2.439],[0,0],[2.439,0],[0,0],[0,-2.439],[0,0]],"o":[[0,0],[2.439,0],[0,0],[0,-2.439],[0,0],[-2.439,0],[0,0],[0,2.439]],"v":[[-560.797,-78.637],[-534.748,-78.637],[-530.314,-83.07],[-530.314,-83.07],[-534.748,-87.504],[-560.797,-87.504],[-565.231,-83.07],[-565.231,-83.07]],"c":true},"ix":2},"nm":"Path 1","mn":"ADBE Vector Shape - Group","hd":false},{"ty":"fl","c":{"a":0,"k":[1,1,1,1],"ix":4},"o":{"a":0,"k":100,"ix":5},"r":1,"bm":0,"nm":"Fill 1","mn":"ADBE Vector Graphic - Fill","hd":false},{"ty":"tr","p":{"a":0,"k":[0,0],"ix":2},"a":{"a":0,"k":[0,0],"ix":1},"s":{"a":0,"k":[100,100],"ix":3},"r":{"a":0,"k":0,"ix":6},"o":{"a":0,"k":100,"ix":7},"sk":{"a":0,"k":0,"ix":4},"sa":{"a":0,"k":0,"ix":5},"nm":"Transform"}],"nm":"Group 2","np":2,"cix":2,"bm":0,"ix":2,"mn":"ADBE Vector Group","hd":false},{"ty":"tr","p":{"a":0,"k":[0,0],"ix":2},"a":{"a":0,"k":[0,0],"ix":1},"s":{"a":0,"k":[100,100],"ix":3},"r":{"a":0,"k":0,"ix":6},"o":{"a":0,"k":100,"ix":7},"sk":{"a":0,"k":0,"ix":4},"sa":{"a":0,"k":0,"ix":5},"nm":"Transform"}],"nm":"Group 7","np":2,"cix":2,"bm":0,"ix":7,"mn":"ADBE Vector Group","hd":false},{"ty":"gr","it":[{"ind":0,"ty":"sh","ix":1,"ks":{"a":0,"k":{"i":[[0,-7.346],[-7.346,0],[0,7.346],[7.346,0]],"o":[[0,7.346],[7.346,0],[0,-7.346],[-7.346,0]],"v":[[-494.992,75.064],[-481.69,88.365],[-468.389,75.064],[-481.69,61.762]],"c":true},"ix":2},"nm":"Path 1","mn":"ADBE Vector Shape - Group","hd":false},{"ty":"fl","c":{"a":0,"k":[1,1,1,1],"ix":4},"o":{"a":0,"k":100,"ix":5},"r":1,"bm":0,"nm":"Fill 1","mn":"ADBE Vector Graphic - Fill","hd":false},{"ty":"tr","p":{"a":0,"k":[0,0],"ix":2},"a":{"a":0,"k":[0,0],"ix":1},"s":{"a":0,"k":[100,100],"ix":3},"r":{"a":0,"k":0,"ix":6},"o":{"a":0,"k":100,"ix":7},"sk":{"a":0,"k":0,"ix":4},"sa":{"a":0,"k":0,"ix":5},"nm":"Transform"}],"nm":"Group 8","np":2,"cix":2,"bm":0,"ix":8,"mn":"ADBE Vector Group","hd":false},{"ty":"gr","it":[{"ind":0,"ty":"sh","ix":1,"ks":{"a":0,"k":{"i":[[0,-7.346],[-7.346,0],[0,7.346],[7.346,0]],"o":[[0,7.346],[7.346,0],[0,-7.346],[-7.346,0]],"v":[[-426.223,75.064],[-412.921,88.365],[-399.619,75.064],[-412.921,61.762]],"c":true},"ix":2},"nm":"Path 1","mn":"ADBE Vector Shape - Group","hd":false},{"ty":"fl","c":{"a":0,"k":[1,1,1,1],"ix":4},"o":{"a":0,"k":100,"ix":5},"r":1,"bm":0,"nm":"Fill 1","mn":"ADBE Vector Graphic - Fill","hd":false},{"ty":"tr","p":{"a":0,"k":[0,0],"ix":2},"a":{"a":0,"k":[0,0],"ix":1},"s":{"a":0,"k":[100,100],"ix":3},"r":{"a":0,"k":0,"ix":6},"o":{"a":0,"k":100,"ix":7},"sk":{"a":0,"k":0,"ix":4},"sa":{"a":0,"k":0,"ix":5},"nm":"Transform"}],"nm":"Group 9","np":2,"cix":2,"bm":0,"ix":9,"mn":"ADBE Vector Group","hd":false}],"ip":0,"op":75,"st":0,"bm":0}]}],"fonts":{"list":[{"fName":"Poppins-Medium","fFamily":"Poppins","fStyle":"Medium","ascent":73.9990234375}]},"layers":[{"ddd":0,"ind":1,"ty":0,"nm":"Pre-comp 2","refId":"comp_0","sr":1,"ks":{"o":{"a":0,"k":100,"ix":11},"r":{"a":0,"k":0,"ix":10},"p":{"a":0,"k":[500,250,0],"ix":2},"a":{"a":0,"k":[500,250,0],"ix":1},"s":{"a":0,"k":[55.6,55.6,100],"ix":6}},"ao":0,"w":1000,"h":500,"ip":0,"op":75,"st":0,"bm":0},{"ddd":0,"ind":2,"ty":1,"nm":"White Solid 1","sr":1,"ks":{"o":{"a":0,"k":100,"ix":11},"r":{"a":0,"k":0,"ix":10},"p":{"a":0,"k":[500,250,0],"ix":2},"a":{"a":0,"k":[500,250,0],"ix":1},"s":{"a":0,"k":[100,100,100],"ix":6}},"ao":0,"sw":1000,"sh":500,"sc":"#ffffff","ip":0,"op":75,"st":0,"bm":0}],"markers":[],"chars":[{"ch":"A","size":70,"style":"Medium","w":69.7,"data":{"shapes":[{"ty":"gr","it":[{"ind":0,"ty":"sh","ix":1,"ks":{"a":0,"k":{"i":[[0,0],[0,0],[0,0],[0,0],[0,0],[0,0],[0,0],[0,0]],"o":[[0,0],[0,0],[0,0],[0,0],[0,0],[0,0],[0,0],[0,0]],"v":[[54.785,0],[66.87,0],[41.794,-70.093],[28.5,-70.093],[3.424,0],[15.408,0],[20.444,-14.301],[49.75,-14.301]],"c":true},"ix":2},"nm":"A","mn":"ADBE Vector Shape - Group","hd":false},{"ind":1,"ty":"sh","ix":2,"ks":{"a":0,"k":{"i":[[0,0],[0,0],[0,0]],"o":[[0,0],[0,0],[0,0]],"v":[[46.527,-23.666],[23.666,-23.666],[35.147,-56.195]],"c":true},"ix":2},"nm":"A","mn":"ADBE Vector Shape - Group","hd":false}],"nm":"A","np":5,"cix":2,"bm":0,"ix":1,"mn":"ADBE Vector Group","hd":false}]},"fFamily":"Poppins"},{"ch":"D","size":70,"style":"Medium","w":70.9,"data":{"shapes":[{"ty":"gr","it":[{"ind":0,"ty":"sh","ix":1,"ks":{"a":0,"k":{"i":[[22.458,0],[0,0],[0,0],[0,0],[0,21.552]],"o":[[0,0],[0,0],[0,0],[22.458,0],[0,-21.652]],"v":[[30.414,-69.992],[7.553,-69.992],[7.553,0],[30.414,0],[67.575,-34.744]],"c":true},"ix":2},"nm":"D","mn":"ADBE Vector Shape - Group","hd":false},{"ind":1,"ty":"sh","ix":2,"ks":{"a":0,"k":{"i":[[0,0],[0,0],[0,0],[0,-16.013],[16.516,0]],"o":[[0,0],[0,0],[16.516,0],[0,15.912],[0,0]],"v":[[19.034,-9.366],[19.034,-60.626],[30.414,-60.626],[55.792,-34.744],[30.414,-9.366]],"c":true},"ix":2},"nm":"D","mn":"ADBE Vector Shape - Group","hd":false}],"nm":"D","np":5,"cix":2,"bm":0,"ix":1,"mn":"ADBE Vector Group","hd":false}]},"fFamily":"Poppins"},{"ch":" ","size":70,"style":"Medium","w":26,"data":{},"fFamily":"Poppins"},{"ch":"T","size":70,"style":"Medium","w":56.4,"data":{"shapes":[{"ty":"gr","it":[{"ind":0,"ty":"sh","ix":1,"ks":{"a":0,"k":{"i":[[0,0],[0,0],[0,0],[0,0],[0,0],[0,0],[0,0],[0,0]],"o":[[0,0],[0,0],[0,0],[0,0],[0,0],[0,0],[0,0],[0,0]],"v":[[3.928,-60.626],[22.659,-60.626],[22.659,0],[34.14,0],[34.14,-60.626],[52.771,-60.626],[52.771,-69.992],[3.928,-69.992]],"c":true},"ix":2},"nm":"T","mn":"ADBE Vector Shape - Group","hd":false}],"nm":"T","np":3,"cix":2,"bm":0,"ix":1,"mn":"ADBE Vector Group","hd":false}]},"fFamily":"Poppins"},{"ch":"O","size":70,"style":"Medium","w":78.4,"data":{"shapes":[{"ty":"gr","it":[{"ind":0,"ty":"sh","ix":1,"ks":{"a":0,"k":{"i":[[0,21.048],[19.94,0],[0,-20.947],[-19.739,0]],"o":[[0,-20.947],[-19.739,0],[0,21.048],[19.94,0]],"v":[[75.229,-35.147],[39.478,-70.898],[3.726,-35.147],[39.478,0.705]],"c":true},"ix":2},"nm":"O","mn":"ADBE Vector Shape - Group","hd":false},{"ind":1,"ty":"sh","ix":2,"ks":{"a":0,"k":{"i":[[0,15.811],[-13.898,0],[0,-15.811],[13.898,0]],"o":[[0,-15.811],[13.898,0],[0,15.811],[-13.898,0]],"v":[[15.509,-35.147],[39.478,-60.828],[63.446,-35.147],[39.478,-9.265]],"c":true},"ix":2},"nm":"O","mn":"ADBE Vector Shape - Group","hd":false}],"nm":"O","np":5,"cix":2,"bm":0,"ix":1,"mn":"ADBE Vector Group","hd":false}]},"fFamily":"Poppins"},{"ch":"C","size":70,"style":"Medium","w":77.3,"data":{"shapes":[{"ty":"gr","it":[{"ind":0,"ty":"sh","ix":1,"ks":{"a":0,"k":{"i":[[0,-20.947],[-19.739,0],[-5.338,13.696],[0,0],[8.359,0],[0,15.811],[-13.898,0],[-3.726,-7.452],[0,0],[14.603,0]],"o":[[0,21.048],[14.603,0],[0,0],[-3.726,7.452],[-13.898,0],[0,-15.811],[8.359,0],[0,0],[-5.338,-13.696],[-19.739,0]],"v":[[3.726,-35.147],[39.478,0.604],[72.006,-20.343],[58.209,-20.343],[39.478,-9.366],[15.509,-35.147],[39.478,-60.828],[58.209,-49.85],[72.006,-49.85],[39.478,-70.898]],"c":true},"ix":2},"nm":"C","mn":"ADBE Vector Shape - Group","hd":false}],"nm":"C","np":3,"cix":2,"bm":0,"ix":1,"mn":"ADBE Vector Group","hd":false}]},"fFamily":"Poppins"},{"ch":"R","size":70,"style":"Medium","w":63.2,"data":{"shapes":[{"ty":"gr","it":[{"ind":0,"ty":"sh","ix":1,"ks":{"a":0,"k":{"i":[[0,-7.05],[8.963,0],[0,0],[0,0],[0,0]],"o":[[0,6.949],[0,0],[0,0],[0,0],[8.963,0]],"v":[[44.714,-49.045],[31.723,-37.161],[19.034,-37.161],[19.034,-60.626],[31.723,-60.626]],"c":true},"ix":2},"nm":"R","mn":"ADBE Vector Shape - Group","hd":false},{"ind":1,"ty":"sh","ix":2,"ks":{"a":0,"k":{"i":[[0,0],[0,0],[0,0],[0,0],[0,0],[0,0],[0,0],[0,0],[0,8.258],[16.617,0]],"o":[[0,0],[0,0],[0,0],[0,0],[0,0],[0,0],[0,0],[11.783,-2.921],[0,-11.38],[0,0]],"v":[[7.553,-69.992],[7.553,0],[19.034,0],[19.034,-27.997],[27.795,-27.997],[43.909,0],[57.605,0],[40.283,-29.004],[56.497,-49.045],[31.723,-69.992]],"c":true},"ix":2},"nm":"R","mn":"ADBE Vector Shape - Group","hd":false}],"nm":"R","np":5,"cix":2,"bm":0,"ix":1,"mn":"ADBE Vector Group","hd":false}]},"fFamily":"Poppins"}]}