{"v":"5.5.2","fr":30,"ip":0,"op":151,"w":1080,"h":1080,"nm":"Main","ddd":0,"assets":[],"fonts":{"list":[{"fName":"OpenSans","fFamily":"Open Sans","fStyle":"Regular","ascent":75.9994506835938}]},"layers":[{"ddd":0,"ind":1,"ty":4,"nm":"Tick Mark","sr":1,"ks":{"o":{"a":0,"k":100,"ix":11},"r":{"a":0,"k":0,"ix":10},"p":{"a":0,"k":[541.143,540,0],"ix":2},"a":{"a":0,"k":[166.5,-0.5,0],"ix":1},"s":{"a":0,"k":[100,100,100],"ix":6}},"ao":0,"shapes":[{"ty":"gr","it":[{"ind":0,"ty":"sh","ix":1,"ks":{"a":0,"k":{"i":[[0,0],[0,0],[0,0]],"o":[[0,0],[0,0],[0,0]],"v":[[147.5,1],[162,15.5],[185.5,-16.5]],"c":false},"ix":2},"nm":"Path 1","mn":"ADBE Vector Shape - Group","hd":false},{"ty":"st","c":{"a":0,"k":[1,1,1,1],"ix":3},"o":{"a":0,"k":100,"ix":4},"w":{"a":0,"k":6,"ix":5},"lc":2,"lj":2,"bm":0,"nm":"Stroke 1","mn":"ADBE Vector Graphic - Stroke","hd":false},{"ty":"tr","p":{"a":0,"k":[166,-0.5],"ix":2},"a":{"a":0,"k":[166,-0.5],"ix":1},"s":{"a":0,"k":[100,100],"ix":3},"r":{"a":0,"k":0,"ix":6},"o":{"a":0,"k":100,"ix":7},"sk":{"a":0,"k":0,"ix":4},"sa":{"a":0,"k":0,"ix":5},"nm":"Transform"}],"nm":"Shape 1","np":3,"cix":2,"bm":0,"ix":1,"mn":"ADBE Vector Group","hd":false},{"ty":"tm","s":{"a":0,"k":0,"ix":1},"e":{"a":1,"k":[{"i":{"x":[0.833],"y":[0.833]},"o":{"x":[0.167],"y":[0.167]},"t":119,"s":[0]},{"t":128,"s":[100]}],"ix":2},"o":{"a":0,"k":0,"ix":3},"m":1,"ix":2,"nm":"Trim Paths 1","mn":"ADBE Vector Filter - Trim","hd":false}],"ip":107,"op":317,"st":107,"bm":0},{"ddd":0,"ind":2,"ty":4,"nm":"Button tocuch Animation","sr":1,"ks":{"o":{"a":1,"k":[{"i":{"x":[0.6],"y":[0.2]},"o":{"x":[0.26],"y":[0]},"t":17,"s":[100]},{"t":21,"s":[0]}],"ix":11},"r":{"a":0,"k":0,"ix":10},"p":{"a":0,"k":[863.714,538.286,0],"ix":2},"a":{"a":0,"k":[0,0,0],"ix":1},"s":{"a":1,"k":[{"i":{"x":[0.32,0.32,0.32],"y":[1.27,1.27,1]},"o":{"x":[0.333,0.333,0.333],"y":[0,0,0]},"t":9,"s":[9,9,100]},{"i":{"x":[0.667,0.667,0.667],"y":[1,1,1]},"o":{"x":[0.17,0.17,0.17],"y":[0.89,0.89,0]},"t":13,"s":[8,8,100]},{"t":18,"s":[9,9,100]}],"ix":6}},"ao":0,"shapes":[{"ty":"gr","it":[{"d":1,"ty":"el","s":{"a":0,"k":[1080,1080],"ix":2},"p":{"a":0,"k":[0,0],"ix":3},"nm":"Ellipse Path 1","mn":"ADBE Vector Shape - Ellipse","hd":false},{"ty":"st","c":{"a":0,"k":[1,1,1,1],"ix":3},"o":{"a":0,"k":100,"ix":4},"w":{"a":0,"k":26,"ix":5},"lc":1,"lj":1,"ml":4,"bm":0,"nm":"Stroke 1","mn":"ADBE Vector Graphic - Stroke","hd":false},{"ty":"fl","c":{"a":0,"k":[1,1,1,1],"ix":4},"o":{"a":1,"k":[{"i":{"x":[0.833],"y":[0.833]},"o":{"x":[0.167],"y":[0.167]},"t":9,"s":[1]},{"t":14,"s":[39]}],"ix":5},"r":1,"bm":0,"nm":"Fill 1","mn":"ADBE Vector Graphic - Fill","hd":false},{"ty":"tr","p":{"a":0,"k":[0,0],"ix":2},"a":{"a":0,"k":[0,0],"ix":1},"s":{"a":0,"k":[100,100],"ix":3},"r":{"a":0,"k":0,"ix":6},"o":{"a":0,"k":100,"ix":7},"sk":{"a":0,"k":0,"ix":4},"sa":{"a":0,"k":0,"ix":5},"nm":"Transform"}],"nm":"Ellipse 1","np":3,"cix":2,"bm":0,"ix":1,"mn":"ADBE Vector Group","hd":false},{"ty":"tm","s":{"a":0,"k":0,"ix":1},"e":{"a":1,"k":[{"i":{"x":[0.6],"y":[1]},"o":{"x":[0.32],"y":[0.94]},"t":1,"s":[0]},{"t":9,"s":[100]}],"ix":2},"o":{"a":0,"k":0,"ix":3},"m":1,"ix":2,"nm":"Trim Paths 1","mn":"ADBE Vector Filter - Trim","hd":false}],"ip":31,"op":31,"st":0,"bm":0,"hidden":0},{"ddd":0,"ind":3,"ty":5,"nm":"Add to Cart","sr":1,"ks":{"o":{"a":1,"k":[{"i":{"x":[0.58],"y":[1]},"o":{"x":[0.42],"y":[0]},"t":16,"s":[100]},{"t":26,"s":[1]}],"ix":11},"r":{"a":0,"k":0,"ix":10},"p":{"a":0,"k":[587.057,540.292,0],"ix":2},"a":{"a":0,"k":[219.057,-68.119,0],"ix":1},"s":{"a":0,"k":[100,100,100],"ix":6}},"ao":0,"t":{"d":{"k":[{"s":{"s":83,"f":"OpenSans","t":"Add to Cart","j":0,"tr":0,"lh":99.6,"ls":39,"fc":[1,1,1]},"t":0}]},"p":{},"m":{"g":1,"a":{"a":0,"k":[0,0],"ix":2}},"a":[]},"ip":-1,"op":27,"st":-1,"bm":0},{"ddd":0,"ind":4,"ty":4,"nm":"Button 3","td":1,"sr":1,"ks":{"o":{"a":0,"k":100,"ix":11},"r":{"a":0,"k":0,"ix":10},"p":{"a":0,"k":[540,540,0],"ix":2},"a":{"a":0,"k":[0,0,0],"ix":1},"s":{"a":1,"k":[{"i":{"x":[0.667,0.667,0.667],"y":[1,1,1]},"o":{"x":[0.333,0.333,0.333],"y":[0,0,0]},"t":57,"s":[100,100,100]},{"i":{"x":[0.27,0.27,0.27],"y":[1.825,1.825,1]},"o":{"x":[0.68,0.68,0.68],"y":[-0.825,-0.825,0]},"t":60,"s":[90,90,100]},{"t":66,"s":[100,100,100]}],"ix":6}},"ao":0,"shapes":[{"ty":"gr","it":[{"ty":"rc","d":1,"s":{"a":0,"k":[849.143,185.143],"ix":2},"p":{"a":0,"k":[0,0],"ix":3},"r":{"a":0,"k":244,"ix":4},"nm":"Rectangle Path 1","mn":"ADBE Vector Shape - Rect","hd":false},{"ty":"st","c":{"a":0,"k":[0.3803921568627451,0.4549019607843137,0.592156862745098,1],"ix":3},"o":{"a":0,"k":100,"ix":4},"w":{"a":0,"k":11,"ix":5},"lc":1,"lj":1,"ml":4,"bm":0,"nm":"Stroke 1","mn":"ADBE Vector Graphic - Stroke","hd":false},{"ty":"fl","c":{"a":0,"k":[0.3803921568627451,0.4549019607843137,0.592156862745098,1],"ix":4},"o":{"a":0,"k":100,"ix":5},"r":1,"bm":0,"nm":"Fill 1","mn":"ADBE Vector Graphic - Fill","hd":false},{"ty":"tr","p":{"a":0,"k":[1.143,-1.714],"ix":2},"a":{"a":0,"k":[0,0],"ix":1},"s":{"a":0,"k":[100,100],"ix":3},"r":{"a":0,"k":0,"ix":6},"o":{"a":0,"k":100,"ix":7},"sk":{"a":0,"k":0,"ix":4},"sa":{"a":0,"k":0,"ix":5},"nm":"Transform"}],"nm":"Rectangle 1","np":3,"cix":2,"bm":0,"ix":1,"mn":"ADBE Vector Group","hd":false}],"ip":0,"op":131,"st":46,"bm":0},{"ddd":0,"ind":5,"ty":4,"nm":"Shopping cart icon Outlines","tt":1,"sr":1,"ks":{"o":{"a":0,"k":100,"ix":11},"r":{"a":1,"k":[{"i":{"x":[0.27],"y":[1]},"o":{"x":[0.14],"y":[0]},"t":21,"s":[0]},{"i":{"x":[0.27],"y":[1]},"o":{"x":[0.68],"y":[0]},"t":48,"s":[0]},{"t":66,"s":[0]}],"ix":10},"p":{"a":1,"k":[{"i":{"x":0.667,"y":0.667},"o":{"x":0.14,"y":0.14},"t":21,"s":[271,550.857,0],"to":[0,0,0],"ti":[0,0,0]},{"i":{"x":0.6,"y":1},"o":{"x":0.32,"y":0.77},"t":45,"s":[271,550.857,0],"to":[125.667,0,0],"ti":[-125.667,0,0]},{"t":123,"s":[1025,550.857,0]}],"ix":2},"a":{"a":0,"k":[255,255,0],"ix":1},"s":{"a":1,"k":[{"i":{"x":[0.34,0.34,0.34],"y":[1,1,1]},"o":{"x":[0.14,0.14,0.14],"y":[1,1,0]},"t":21,"s":[24.967,24.967,100]},{"i":{"x":[0.27,0.27,0.27],"y":[1.277,1.277,1]},"o":{"x":[0.167,0.167,0.167],"y":[0,0,0]},"t":32,"s":[27.967,27.967,100]},{"i":{"x":[0.27,0.27,0.27],"y":[1,1,1]},"o":{"x":[0.68,0.68,0.68],"y":[0,0,0]},"t":48,"s":[22,22,100]},{"t":66,"s":[22,22,100]}],"ix":6}},"ao":0,"shapes":[{"ty":"gr","it":[{"ind":0,"ty":"sh","ix":1,"ks":{"a":0,"k":{"i":[[28.05,0],[0,-28.05],[-28.05,0],[0,28.05]],"o":[[-28.05,0],[0,28.05],[28.05,0],[0,-28.05]],"v":[[0,-51],[-51,0],[0,51],[51,0]],"c":true},"ix":2},"nm":"Path 1","mn":"ADBE Vector Shape - Group","hd":false},{"ty":"fl","c":{"a":0,"k":[1,1,1,1],"ix":4},"o":{"a":0,"k":100,"ix":5},"r":1,"bm":0,"nm":"Fill 1","mn":"ADBE Vector Graphic - Fill","hd":false},{"ty":"tr","p":{"a":1,"k":[{"i":{"x":0.34,"y":1},"o":{"x":0.14,"y":1},"t":21,"s":[342.94,395],"to":[11.833,-18.167],"ti":[0,0]},{"i":{"x":0.667,"y":1},"o":{"x":0.333,"y":0},"t":32,"s":[413.94,286],"to":[0,0],"ti":[11.833,-18.167]},{"i":{"x":0.667,"y":0.667},"o":{"x":0.167,"y":0.167},"t":48,"s":[342.94,395],"to":[0,0],"ti":[0,0]},{"i":{"x":0.667,"y":1},"o":{"x":0.167,"y":0},"t":66,"s":[342.94,395],"to":[0,-1.667],"ti":[0,1.667]},{"t":81,"s":[342.94,385]}],"ix":2},"a":{"a":0,"k":[0,0],"ix":1},"s":{"a":1,"k":[{"i":{"x":[0.34,0.34],"y":[1,1]},"o":{"x":[0.14,0.14],"y":[0,0]},"t":21,"s":[80,80]},{"i":{"x":[0.27,0.27],"y":[1,1]},"o":{"x":[0.14,0.14],"y":[0,0]},"t":32,"s":[80,80]},{"i":{"x":[0.27,0.27],"y":[1,1]},"o":{"x":[0.68,0.68],"y":[0,0]},"t":48,"s":[64,64]},{"i":{"x":[0.34,0.34],"y":[1,1]},"o":{"x":[0.68,0.68],"y":[0,0]},"t":66,"s":[64,64]},{"t":81,"s":[80,80]}],"ix":3},"r":{"a":0,"k":0,"ix":6},"o":{"a":0,"k":100,"ix":7},"sk":{"a":0,"k":0,"ix":4},"sa":{"a":0,"k":0,"ix":5},"nm":"Transform"}],"nm":"Tire 1","np":2,"cix":2,"bm":0,"ix":1,"mn":"ADBE Vector Group","hd":false},{"ty":"gr","it":[{"ind":0,"ty":"sh","ix":1,"ks":{"a":0,"k":{"i":[[28.05,0],[0,-28.05],[-28.05,0],[0,28.05]],"o":[[-28.05,0],[0,28.05],[28.05,0],[0,-28.05]],"v":[[0,-51],[-51,0],[0,51],[51,0]],"c":true},"ix":2},"nm":"Path 1","mn":"ADBE Vector Shape - Group","hd":false},{"ty":"fl","c":{"a":0,"k":[1,1,1,1],"ix":4},"o":{"a":0,"k":100,"ix":5},"r":1,"bm":0,"nm":"Fill 1","mn":"ADBE Vector Graphic - Fill","hd":false},{"ty":"tr","p":{"a":1,"k":[{"i":{"x":0.34,"y":1},"o":{"x":0.14,"y":0.969},"t":21,"s":[219.939,395],"to":[5.333,-9.833],"ti":[9.333,3.833]},{"i":{"x":0.667,"y":1},"o":{"x":0.333,"y":0},"t":32,"s":[251.939,336],"to":[-9.333,-3.833],"ti":[14.667,-6]},{"i":{"x":0.667,"y":0.667},"o":{"x":0.167,"y":0.167},"t":48,"s":[163.939,372],"to":[0,0],"ti":[0,0]},{"i":{"x":0.667,"y":1},"o":{"x":0.167,"y":0},"t":66,"s":[163.939,372],"to":[10.833,2.167],"ti":[-10.833,-2.167]},{"t":81,"s":[228.939,385]}],"ix":2},"a":{"a":0,"k":[0,0],"ix":1},"s":{"a":1,"k":[{"i":{"x":[0.27,0.27],"y":[1,1]},"o":{"x":[0.14,0.14],"y":[0,0]},"t":21,"s":[80,80]},{"i":{"x":[0.27,0.27],"y":[1,1]},"o":{"x":[0.68,0.68],"y":[0,0]},"t":48,"s":[80,80]},{"i":{"x":[0.27,0.27],"y":[1,1]},"o":{"x":[0.68,0.68],"y":[0,0]},"t":66,"s":[80,80]},{"t":81,"s":[80,80]}],"ix":3},"r":{"a":0,"k":0,"ix":6},"o":{"a":0,"k":100,"ix":7},"sk":{"a":0,"k":0,"ix":4},"sa":{"a":0,"k":0,"ix":5},"nm":"Transform"}],"nm":"Tire 2","np":2,"cix":2,"bm":0,"ix":2,"mn":"ADBE Vector Group","hd":false},{"ty":"gr","it":[{"ind":0,"ty":"sh","ix":1,"ks":{"a":0,"k":{"i":[[0.439,1.154],[23.191,61.307],[3.927,-0.068],[14.666,-0.009],[-0.067,6.619],[-7.326,-0.006],[-18.165,-0.012],[-2.865,-7.574],[-18.365,-48.901],[-4.151,0.016],[-47.163,-0.154],[-2.106,3.706],[-19.24,33.49],[-0.008,0.014],[2.606,0.032],[0.14,0],[69.163,-0.002],[1.983,0.201],[0.012,5.485],[-5.406,0.84],[-1.662,0],[-77.33,-0.032],[6.072,-10.487],[24.474,-42.58],[6.541,0.018],[46.665,-0.001],[0,0],[-0.788,-2.231],[-1.558,-3.113],[-1.832,-0.008],[-29.998,0.001],[-11.166,-0.017],[-0.748,-10.579],[0,0],[2.006,0],[0,0],[0.514,1.315]],"o":[[-23.311,-61.261],[-1.437,-3.798],[-14.661,0.252],[-7.513,0.005],[0.066,-6.441],[18.166,0.013],[8.233,0.006],[18.487,48.856],[1.354,3.605],[47.164,-0.185],[4.202,0.014],[19.087,-33.577],[0.009,-0.014],[1.294,-2.261],[-0.14,-0.002],[-69.162,-0.003],[-1.998,0],[-5.611,-0.568],[-0.01,-5.276],[1.635,-0.254],[77.33,-0.009],[12.147,0.006],[-24.607,42.505],[-3.314,5.765],[-46.664,-0.127],[0,0],[-2.366,0],[1.255,3.552],[0.653,1.307],[29.998,0.126],[11.166,-0.001],[10.634,0.017],[0,0],[0.169,2],[0,0],[-1.411,0],[-1.165,-2.977]],"v":[[-59.924,99.528],[-129.79,-84.28],[-137.018,-89.108],[-181.014,-88.987],[-193.607,-100.169],[-181.238,-110.939],[-126.741,-110.9],[-112.879,-101.462],[-57.512,45.14],[-50.486,50.203],[91.005,50.183],[99.582,45.241],[157.232,-55.271],[157.255,-55.313],[154.299,-60.42],[153.881,-60.423],[-53.607,-60.413],[-59.6,-60.566],[-69.464,-71.296],[-60.113,-82.008],[-55.131,-82.267],[176.858,-82.253],[187.602,-63.631],[113.811,63.9],[99.683,72.037],[-40.31,71.97],[-41.91,71.97],[-45.14,76.544],[-41.154,86.514],[-35.847,88.667],[54.148,88.749],[87.646,88.763],[102.372,102.489],[102.772,107.229],[99.357,110.945],[-53.135,110.945],[-56.325,108.769]],"c":true},"ix":2},"nm":"Path 1","mn":"ADBE Vector Shape - Group","hd":false},{"ty":"fl","c":{"a":0,"k":[1,1,1,1],"ix":4},"o":{"a":0,"k":100,"ix":5},"r":1,"bm":0,"nm":"Fill 1","mn":"ADBE Vector Graphic - Fill","hd":false},{"ty":"tr","p":{"a":1,"k":[{"i":{"x":0.34,"y":1},"o":{"x":0.14,"y":1},"t":21,"s":[262.631,191.734],"to":[1.333,-13.5],"ti":[0,0]},{"i":{"x":0.667,"y":1},"o":{"x":0.333,"y":0},"t":32,"s":[270.631,110.734],"to":[0,0],"ti":[1.333,-13.5]},{"i":{"x":0.667,"y":0.667},"o":{"x":0.167,"y":0.167},"t":48,"s":[262.631,191.734],"to":[0,0],"ti":[0,0]},{"t":66,"s":[262.631,191.734]}],"ix":2},"a":{"a":0,"k":[0,0],"ix":1},"s":{"a":1,"k":[{"i":{"x":[0.34,0.34],"y":[1,1]},"o":{"x":[0.14,0.14],"y":[1,1]},"t":21,"s":[126,126]},{"i":{"x":[0.27,0.27],"y":[1.55,1.55]},"o":{"x":[0.167,0.167],"y":[0,0]},"t":32,"s":[152,152]},{"i":{"x":[0.27,0.27],"y":[-15.088,-15.088]},"o":{"x":[0.68,0.68],"y":[0,0]},"t":48,"s":[126,126]},{"t":66,"s":[126,126]}],"ix":3},"r":{"a":1,"k":[{"i":{"x":[0.34],"y":[1]},"o":{"x":[0.14],"y":[1]},"t":21,"s":[0]},{"i":{"x":[0.27],"y":[1.275]},"o":{"x":[0.167],"y":[0]},"t":32,"s":[-15]},{"i":{"x":[0.27],"y":[10.281]},"o":{"x":[0.68],"y":[0]},"t":48,"s":[15]},{"i":{"x":[0.833],"y":[1]},"o":{"x":[0.68],"y":[0]},"t":66,"s":[15]},{"t":81,"s":[0]}],"ix":6},"o":{"a":0,"k":100,"ix":7},"sk":{"a":0,"k":0,"ix":4},"sa":{"a":0,"k":0,"ix":5},"nm":"Transform"}],"nm":"Cart","np":2,"cix":2,"bm":0,"ix":3,"mn":"ADBE Vector Group","hd":false}],"ip":0,"op":126,"st":0,"bm":0},{"ddd":0,"ind":6,"ty":4,"nm":"Button 2","td":1,"sr":1,"ks":{"o":{"a":0,"k":100,"ix":11},"r":{"a":0,"k":0,"ix":10},"p":{"a":0,"k":[540,540,0],"ix":2},"a":{"a":0,"k":[0,0,0],"ix":1},"s":{"a":1,"k":[{"i":{"x":[0.667,0.667,0.667],"y":[1,1,1]},"o":{"x":[0.333,0.333,0.333],"y":[0,0,0]},"t":57,"s":[100,100,100]},{"i":{"x":[0.27,0.27,0.27],"y":[1.825,1.825,1]},"o":{"x":[0.68,0.68,0.68],"y":[-0.825,-0.825,0]},"t":60,"s":[90,90,100]},{"t":66,"s":[100,100,100]}],"ix":6}},"ao":0,"shapes":[{"ty":"gr","it":[{"ty":"rc","d":1,"s":{"a":0,"k":[849.143,185.143],"ix":2},"p":{"a":0,"k":[0,0],"ix":3},"r":{"a":0,"k":244,"ix":4},"nm":"Rectangle Path 1","mn":"ADBE Vector Shape - Rect","hd":false},{"ty":"st","c":{"a":0,"k":[0.3803921568627451,0.4549019607843137,0.592156862745098,1],"ix":3},"o":{"a":0,"k":100,"ix":4},"w":{"a":0,"k":11,"ix":5},"lc":1,"lj":1,"ml":4,"bm":0,"nm":"Stroke 1","mn":"ADBE Vector Graphic - Stroke","hd":false},{"ty":"fl","c":{"a":0,"k":[0.3803921568627451,0.4549019607843137,0.592156862745098,1],"ix":4},"o":{"a":0,"k":100,"ix":5},"r":1,"bm":0,"nm":"Fill 1","mn":"ADBE Vector Graphic - Fill","hd":false},{"ty":"tr","p":{"a":0,"k":[1.143,-1.714],"ix":2},"a":{"a":0,"k":[0,0],"ix":1},"s":{"a":0,"k":[100,100],"ix":3},"r":{"a":0,"k":0,"ix":6},"o":{"a":0,"k":100,"ix":7},"sk":{"a":0,"k":0,"ix":4},"sa":{"a":0,"k":0,"ix":5},"nm":"Transform"}],"nm":"Rectangle 1","np":3,"cix":2,"bm":0,"ix":1,"mn":"ADBE Vector Group","hd":false}],"ip":46,"op":131,"st":46,"bm":0},{"ddd":0,"ind":7,"ty":4,"nm":"Road line","tt":1,"sr":1,"ks":{"o":{"a":1,"k":[{"i":{"x":[0.833],"y":[0.833]},"o":{"x":[0.167],"y":[0.167]},"t":112,"s":[71]},{"t":120,"s":[0]}],"ix":11},"r":{"a":0,"k":0,"ix":10},"p":{"a":1,"k":[{"i":{"x":0.74,"y":1},"o":{"x":0.4,"y":0.8},"t":35,"s":[1480,549,0],"to":[-198.333,0,0],"ti":[198.333,0,0]},{"t":125,"s":[290,549,0]}],"ix":2},"a":{"a":0,"k":[0,0,0],"ix":1},"s":{"a":0,"k":[100,100,100],"ix":6}},"ao":0,"shapes":[{"ty":"gr","it":[{"ind":0,"ty":"sh","ix":1,"ks":{"a":0,"k":{"i":[[0,0],[0,0]],"o":[[0,0],[0,0]],"v":[[-513.714,44],[678.286,44]],"c":false},"ix":2},"nm":"Path 1","mn":"ADBE Vector Shape - Group","hd":false},{"ty":"st","c":{"a":0,"k":[1,1,1,1],"ix":3},"o":{"a":0,"k":100,"ix":4},"w":{"a":0,"k":7,"ix":5},"lc":1,"lj":1,"ml":4,"bm":0,"d":[{"n":"d","nm":"dash","v":{"a":0,"k":26,"ix":1}},{"n":"o","nm":"offset","v":{"a":0,"k":0,"ix":7}}],"nm":"Stroke 1","mn":"ADBE Vector Graphic - Stroke","hd":false},{"ty":"tr","p":{"a":0,"k":[0,0],"ix":2},"a":{"a":0,"k":[0,0],"ix":1},"s":{"a":0,"k":[100,100],"ix":3},"r":{"a":0,"k":0,"ix":6},"o":{"a":0,"k":100,"ix":7},"sk":{"a":0,"k":0,"ix":4},"sa":{"a":0,"k":0,"ix":5},"nm":"Transform"}],"nm":"Shape 1","np":3,"cix":2,"bm":0,"ix":1,"mn":"ADBE Vector Group","hd":false}],"ip":35,"op":131,"st":35,"bm":0},{"ddd":0,"ind":8,"ty":4,"nm":"Button","sr":1,"ks":{"o":{"a":0,"k":100,"ix":11},"r":{"a":0,"k":0,"ix":10},"p":{"a":0,"k":[540,540,0],"ix":2},"a":{"a":0,"k":[0,0,0],"ix":1},"s":{"a":1,"k":[{"i":{"x":[0.667,0.667,0.667],"y":[1,1,1]},"o":{"x":[0.333,0.333,0.333],"y":[0,0,0]},"t":11,"s":[100,100,100]},{"i":{"x":[0.27,0.27,0.27],"y":[1.825,1.825,1]},"o":{"x":[0.68,0.68,0.68],"y":[-0.825,-0.825,0]},"t":14,"s":[90,90,100]},{"t":20,"s":[100,100,100]}],"ix":6}},"ao":0,"shapes":[{"ty":"gr","it":[{"ind":0,"ty":"sh","ix":1,"ks":{"a":1,"k":[{"i":{"x":0.74,"y":0},"o":{"x":0.52,"y":0},"t":108,"s":[{"i":[[0,-51.126],[51.126,0],[0,0],[0,51.126],[-51.126,0],[0,0]],"o":[[0,51.126],[0,0],[-51.126,0],[0,-51.126],[0,0],[51.126,0]],"v":[[424.571,0],[332,92.571],[-332,92.571],[-424.571,0],[-332,-92.571],[332,-92.571]],"c":true}]},{"t":124,"s":[{"i":[[0,-51.126],[51.126,0],[0,0],[0,51.126],[-51.126,0],[0,0]],"o":[[0,51.126],[0,0],[-51.126,0],[0,-51.126],[0,0],[51.126,0]],"v":[[95.071,0.071],[2.5,92.643],[2,92.643],[-90.571,0.071],[2,-92.5],[2.5,-92.5]],"c":true}]}],"ix":2},"nm":"Path 1","mn":"ADBE Vector Shape - Group","hd":false},{"ty":"st","c":{"a":0,"k":[0.3803921568627451,0.4549019607843137,0.592156862745098,1],"ix":3},"o":{"a":0,"k":100,"ix":4},"w":{"a":0,"k":11,"ix":5},"lc":1,"lj":1,"ml":4,"bm":0,"nm":"Stroke 1","mn":"ADBE Vector Graphic - Stroke","hd":false},{"ty":"fl","c":{"a":0,"k":[0.3803921568627451,0.4549019607843137,0.592156862745098,1],"ix":4},"o":{"a":0,"k":100,"ix":5},"r":1,"bm":0,"nm":"Fill 1","mn":"ADBE Vector Graphic - Fill","hd":false},{"ty":"tr","p":{"a":0,"k":[1.143,-2.214],"ix":2},"a":{"a":0,"k":[0,0],"ix":1},"s":{"a":0,"k":[100,100],"ix":3},"r":{"a":0,"k":0,"ix":6},"o":{"a":0,"k":100,"ix":7},"sk":{"a":0,"k":0,"ix":4},"sa":{"a":0,"k":0,"ix":5},"nm":"Transform"}],"nm":"Rectangle 1","np":3,"cix":2,"bm":0,"ix":1,"mn":"ADBE Vector Group","hd":false}],"ip":0,"op":153,"st":0,"bm":0},{"ddd":0,"ind":9,"ty":4,"nm":"Shape Layer 2","sr":1,"ks":{"o":{"a":0,"k":100,"ix":11},"r":{"a":0,"k":0,"ix":10},"p":{"a":0,"k":[540,540,0],"ix":2},"a":{"a":0,"k":[0,0,0],"ix":1},"s":{"a":0,"k":[100,100,100],"ix":6}},"ao":0,"shapes":[{"ty":"gr","it":[{"ty":"rc","d":1,"s":{"a":0,"k":[1080,1080],"ix":2},"p":{"a":0,"k":[0,0],"ix":3},"r":{"a":0,"k":0,"ix":4},"nm":"Rectangle Path 1","mn":"ADBE Vector Shape - Rect","hd":false},{"ty":"st","c":{"a":0,"k":[0.9568627450980393,0.9529411764705882,0.9372549019607843,1],"ix":3},"o":{"a":0,"k":100,"ix":4},"w":{"a":0,"k":7,"ix":5},"lc":1,"lj":1,"ml":4,"bm":0,"nm":"Stroke 1","mn":"ADBE Vector Graphic - Stroke","hd":false},{"ty":"fl","c":{"a":0,"k":[0.9568627450980393,0.9529411764705882,0.9372549019607843,1],"ix":4},"o":{"a":0,"k":100,"ix":5},"r":1,"bm":0,"nm":"Fill 1","mn":"ADBE Vector Graphic - Fill","hd":false},{"ty":"tr","p":{"a":0,"k":[0,0],"ix":2},"a":{"a":0,"k":[0,0],"ix":1},"s":{"a":0,"k":[100,100],"ix":3},"r":{"a":0,"k":0,"ix":6},"o":{"a":0,"k":100,"ix":7},"sk":{"a":0,"k":0,"ix":4},"sa":{"a":0,"k":0,"ix":5},"nm":"Transform"}],"nm":"Rectangle 1","np":3,"cix":2,"bm":0,"ix":1,"mn":"ADBE Vector Group","hd":false}],"ip":210,"op":210,"st":0,"bm":0,"hidden":0}],"markers":[],"chars":[{"ch":"A","size":83,"style":"Regular","w":63.28,"data":{"shapes":[{"ty":"gr","it":[{"ind":0,"ty":"sh","ix":1,"ks":{"a":0,"k":{"i":[[0,0],[0,0],[0,0],[0,0],[0,0],[0,0],[0,0],[0,0]],"o":[[0,0],[0,0],[0,0],[0,0],[0,0],[0,0],[0,0],[0,0]],"v":[[63.281,0],[35.205,-71.68],[28.223,-71.68],[0,0],[8.398,0],[17.188,-22.705],[45.801,-22.705],[54.688,0]],"c":true},"ix":2},"nm":"A","mn":"ADBE Vector Shape - Group","hd":false},{"ind":1,"ty":"sh","ix":2,"ks":{"a":0,"k":{"i":[[0,0],[0,0],[-0.716,3.125],[-1.074,-2.799],[0,0]],"o":[[0,0],[1.334,-3.743],[1.139,4.07],[0,0],[0,0]],"v":[[20.117,-30.176],[28.516,-52.295],[31.592,-62.598],[34.912,-52.295],[43.213,-30.176]],"c":true},"ix":2},"nm":"A","mn":"ADBE Vector Shape - Group","hd":false}],"nm":"A","np":5,"cix":2,"bm":0,"ix":1,"mn":"ADBE Vector Group","hd":false}]},"fFamily":"Open Sans"},{"ch":"d","size":83,"style":"Regular","w":61.28,"data":{"shapes":[{"ty":"gr","it":[{"ind":0,"ty":"sh","ix":1,"ks":{"a":0,"k":{"i":[[0,0],[0,0],[0,0],[0,0],[0,0],[0,0],[0,0],[0,0],[7.259,0],[3.906,-4.883],[0,-8.821],[-3.89,-4.785],[-6.999,0],[-3.744,5.437],[0,0]],"o":[[0,0],[0,0],[0,0],[0,0],[0,0],[0,0],[0,0],[-3.874,-5.273],[-6.966,0],[-3.906,4.883],[0,8.822],[3.889,4.785],[7.454,0],[0,0],[0,0]],"v":[[46.094,0],[52.686,0],[52.686,-75.977],[44.58,-75.977],[44.58,-54.199],[44.775,-50.439],[45.117,-46.582],[44.482,-46.582],[27.783,-54.492],[11.475,-47.168],[5.615,-26.611],[11.45,-6.201],[27.783,0.977],[44.58,-7.178],[45.02,-7.178]],"c":true},"ix":2},"nm":"d","mn":"ADBE Vector Shape - Group","hd":false},{"ind":1,"ty":"sh","ix":2,"ks":{"a":0,"k":{"i":[[2.506,3.484],[0,6.836],[-2.523,3.695],[-4.753,0],[-2.523,-3.239],[0,-7.584],[0,0],[2.49,-3.011],[5.534,0]],"o":[[-2.507,-3.483],[0,-6.738],[2.522,-3.694],[5.534,0],[2.522,3.239],[0,0],[0,6.706],[-2.49,3.011],[-4.851,0]],"v":[[17.773,-11.035],[14.014,-26.514],[17.798,-42.163],[28.711,-47.705],[40.796,-42.847],[44.58,-26.611],[44.58,-24.902],[40.845,-10.327],[28.809,-5.811]],"c":true},"ix":2},"nm":"d","mn":"ADBE Vector Shape - Group","hd":false}],"nm":"d","np":5,"cix":2,"bm":0,"ix":1,"mn":"ADBE Vector Group","hd":false}]},"fFamily":"Open Sans"},{"ch":" ","size":83,"style":"Regular","w":25.98,"data":{},"fFamily":"Open Sans"},{"ch":"t","size":83,"style":"Regular","w":35.3,"data":{"shapes":[{"ty":"gr","it":[{"ind":0,"ty":"sh","ix":1,"ks":{"a":0,"k":{"i":[[1.53,1.726],[0,3.223],[0,0],[0,0],[0,0],[0,0],[0,0],[0,0],[0,0],[0,0],[0,0],[0,0],[0,0],[-10.352,0],[-1.709,0.276],[-0.879,0.423],[0,0],[1.334,-0.211],[1.432,0]],"o":[[-1.53,-1.725],[0,0],[0,0],[0,0],[0,0],[0,0],[0,0],[0,0],[0,0],[0,0],[0,0],[0,0],[0,10.905],[1.367,0],[1.709,-0.277],[0,0],[-0.781,0.228],[-1.335,0.212],[-2.67,0]],"v":[[19.58,-8.301],[17.285,-15.723],[17.285,-47.217],[32.813,-47.217],[32.813,-53.516],[17.285,-53.516],[17.285,-65.918],[12.598,-65.918],[9.18,-54.492],[1.514,-51.123],[1.514,-47.217],[9.18,-47.217],[9.18,-15.381],[24.707,0.977],[29.321,0.562],[33.203,-0.488],[33.203,-6.689],[30.029,-6.03],[25.879,-5.713]],"c":true},"ix":2},"nm":"t","mn":"ADBE Vector Shape - Group","hd":false}],"nm":"t","np":3,"cix":2,"bm":0,"ix":1,"mn":"ADBE Vector Group","hd":false}]},"fFamily":"Open Sans"},{"ch":"o","size":83,"style":"Regular","w":60.4,"data":{"shapes":[{"ty":"gr","it":[{"ind":0,"ty":"sh","ix":1,"ks":{"a":0,"k":{"i":[[4.411,4.98],[7.487,0],[4.362,-4.866],[0,-8.723],[-2.019,-4.199],[-3.711,-2.246],[-4.785,0],[-4.395,4.9],[0,8.724]],"o":[[-4.411,-4.98],[-7.748,0],[-4.362,4.867],[0,5.632],[2.018,4.199],[3.711,2.246],[7.747,0],[4.395,-4.899],[0,-8.496]],"v":[[48.169,-47.021],[30.322,-54.492],[12.158,-47.192],[5.615,-26.807],[8.643,-12.061],[17.236,-2.393],[29.98,0.977],[48.193,-6.372],[54.785,-26.807]],"c":true},"ix":2},"nm":"o","mn":"ADBE Vector Shape - Group","hd":false},{"ind":1,"ty":"sh","ix":2,"ks":{"a":0,"k":{"i":[[-2.702,3.484],[-5.306,0],[-2.751,-3.532],[0,-6.803],[2.75,-3.564],[5.305,0],[2.734,3.581],[0,6.836]],"o":[[2.702,-3.483],[5.371,0],[2.75,3.532],[0,6.869],[-2.751,3.564],[-5.306,0],[-2.734,-3.58],[0,-6.901]],"v":[[18.066,-42.383],[30.078,-47.607],[42.261,-42.31],[46.387,-26.807],[42.261,-11.157],[30.176,-5.811],[18.115,-11.182],[14.014,-26.807]],"c":true},"ix":2},"nm":"o","mn":"ADBE Vector Shape - Group","hd":false}],"nm":"o","np":5,"cix":2,"bm":0,"ix":1,"mn":"ADBE Vector Group","hd":false}]},"fFamily":"Open Sans"},{"ch":"C","size":83,"style":"Regular","w":63.09,"data":{"shapes":[{"ty":"gr","it":[{"ind":0,"ty":"sh","ix":1,"ks":{"a":0,"k":{"i":[[-5.404,-2.539],[0,0],[7.487,0],[5.192,-2.995],[2.75,-5.534],[0,-7.356],[-5.713,-6.38],[-10.515,0],[-4.948,1.855],[0,0],[4.98,0],[4.378,5.095],[0,9.343],[-4.541,5.225],[-7.845,0]],"o":[[0,0],[-5.599,-2.734],[-7.031,0],[-5.193,2.995],[-2.751,5.534],[0,11.752],[5.713,6.38],[7.259,0],[0,0],[-6.38,1.791],[-8.105,0],[-4.379,-5.094],[0,-9.082],[4.541,-5.225],[5.403,0]],"v":[[56.592,-61.182],[60.107,-68.311],[40.479,-72.412],[22.144,-67.92],[10.229,-55.127],[6.104,-35.791],[14.673,-8.594],[39.014,0.977],[57.324,-1.807],[57.324,-9.082],[40.283,-6.396],[21.558,-14.038],[14.99,-35.693],[21.802,-57.153],[40.381,-64.99]],"c":true},"ix":2},"nm":"C","mn":"ADBE Vector Shape - Group","hd":false}],"nm":"C","np":3,"cix":2,"bm":0,"ix":1,"mn":"ADBE Vector Group","hd":false}]},"fFamily":"Open Sans"},{"ch":"a","size":83,"style":"Regular","w":55.62,"data":{"shapes":[{"ty":"gr","it":[{"ind":0,"ty":"sh","ix":1,"ks":{"a":0,"k":{"i":[[0,0],[0,0],[3.076,2.832],[6.38,0],[3.141,-0.813],[2.637,-1.432],[0,0],[-4.46,0],[-1.807,-2.002],[0,-4.199],[0,0],[0,0],[0,-10.807],[-3.011,-2.734],[-5.306,0],[-2.654,1.188],[-2.67,3.353],[0,0],[0,0]],"o":[[0,0],[0,-6.25],[-3.076,-2.832],[-3.158,0],[-3.142,0.814],[0,0],[5.631,-2.734],[3.971,0],[1.807,2.002],[0,0],[0,0],[-17.285,0.521],[0,5.046],[3.011,2.734],[3.971,0],[2.653,-1.188],[0,0],[0,0],[0,0]],"v":[[47.51,0],[47.51,-36.523],[42.896,-50.146],[28.711,-54.395],[19.263,-53.174],[10.596,-49.805],[13.086,-43.604],[28.223,-47.705],[36.89,-44.702],[39.6,-35.4],[39.6,-32.08],[30.518,-31.787],[4.59,-14.795],[9.106,-3.125],[21.582,0.977],[31.519,-0.806],[39.502,-7.617],[39.893,-7.617],[41.504,0]],"c":true},"ix":2},"nm":"a","mn":"ADBE Vector Shape - Group","hd":false},{"ind":1,"ty":"sh","ix":2,"ks":{"a":0,"k":{"i":[[1.774,1.53],[0,2.93],[-2.849,1.775],[-6.445,0.228],[0,0],[0,0],[2.881,-2.766],[5.045,0]],"o":[[-1.775,-1.53],[0,-3.743],[2.848,-1.774],[0,0],[0,0],[0,4.98],[-2.881,2.767],[-3.191,0]],"v":[[15.747,-8.008],[13.086,-14.697],[17.358,-22.974],[31.299,-25.977],[39.404,-26.318],[39.404,-21.484],[35.083,-9.863],[23.193,-5.713]],"c":true},"ix":2},"nm":"a","mn":"ADBE Vector Shape - Group","hd":false}],"nm":"a","np":5,"cix":2,"bm":0,"ix":1,"mn":"ADBE Vector Group","hd":false}]},"fFamily":"Open Sans"},{"ch":"r","size":83,"style":"Regular","w":40.82,"data":{"shapes":[{"ty":"gr","it":[{"ind":0,"ty":"sh","ix":1,"ks":{"a":0,"k":{"i":[[2.799,-1.888],[1.985,-3.483],[0,0],[0,0],[0,0],[0,0],[0,0],[0,0],[-3.076,3.516],[-4.33,0],[-2.214,-0.488],[0,0],[2.376,0]],"o":[[-2.8,1.888],[0,0],[0,0],[0,0],[0,0],[0,0],[0,0],[0,-5.241],[3.076,-3.516],[1.692,0],[0,0],[-1.888,-0.391],[-3.353,0]],"v":[[23.779,-51.66],[16.602,-43.604],[16.211,-43.604],[15.283,-53.516],[8.594,-53.516],[8.594,0],[16.699,0],[16.699,-28.711],[21.313,-41.846],[32.422,-47.119],[38.281,-46.387],[39.404,-53.906],[33.008,-54.492]],"c":true},"ix":2},"nm":"r","mn":"ADBE Vector Shape - Group","hd":false}],"nm":"r","np":3,"cix":2,"bm":0,"ix":1,"mn":"ADBE Vector Group","hd":false}]},"fFamily":"Open Sans"}]}