{"v":"5.12.1","fr":100,"ip":0,"op":155,"w":900,"h":900,"nm":"Comp 1","ddd":0,"assets":[{"id":"comp_0","nm":"Pre-comp 1","fr":100,"layers":[{"ddd":0,"ind":1,"ty":4,"nm":"Shape Layer 2","sr":1,"ks":{"o":{"a":0,"k":100,"ix":11},"r":{"a":0,"k":0,"ix":10},"p":{"a":0,"k":[570,538,0],"ix":2,"l":2},"a":{"a":0,"k":[76,92,0],"ix":1,"l":2},"s":{"a":0,"k":[951,951,100],"ix":6,"l":2}},"ao":0,"shapes":[{"ty":"gr","it":[{"ty":"gr","it":[{"ind":0,"ty":"sh","ix":1,"ks":{"a":1,"k":[{"i":{"x":0.667,"y":1},"o":{"x":0.333,"y":0},"t":0,"s":[{"i":[[0,0],[0,0],[-6.648,6.648],[-4.387,-0.031],[-3.366,-3.366],[0,0],[0,0],[31.352,-31.352],[0,0],[26.436,5.42],[0,0],[-1.875,9.201],[-3.314,2.401],[-4.995,-1.021],[0,0],[0,0],[-6.635,6.635],[0,0],[-6.751,-6.751],[0,0]],"o":[[0,0],[-6.742,-6.742],[3.314,-3.314],[4.387,0.031],[0,0],[0,0],[31.387,31.387],[0,0],[-19.067,19.067],[0,0],[-9.356,-1.92],[0.872,-4.289],[3.779,-2.738],[0,0],[0,0],[-6.751,-6.751],[0,0],[6.635,-6.635],[0,0],[0,0]],"v":[[21.73,-62.42],[18.85,-65.3],[18.66,-89.55],[30.74,-94.46],[42.9,-89.35],[45.78,-86.47],[89.59,-42.63],[89.65,70.97],[89.65,70.97],[16.77,92.83],[-51.08,78.91],[-64.62,58.79],[-57.99,48.52],[-44.29,45.6],[-6.53,53.53],[-108.02,-47.97],[-108.23,-72.2],[-108.23,-72.2],[-84,-71.99],[-40.96,-28.84]],"c":false}]},{"i":{"x":0.667,"y":1},"o":{"x":0.333,"y":0},"t":33,"s":[{"i":[[0,0],[0,0],[-6.648,6.648],[-4.387,-0.031],[-3.366,-3.366],[0,0],[0,0],[31.352,-31.352],[0,0],[26.436,5.42],[0,0],[-1.875,9.201],[-3.314,2.401],[-4.995,-1.021],[-22.019,-4.62],[0,0],[-8.238,4.49],[0,0],[-4.569,-8.383],[-15.556,-12.745]],"o":[[0,0],[-6.742,-6.742],[3.314,-3.314],[4.387,0.031],[0,0],[0,0],[31.387,31.387],[0,0],[-19.067,19.067],[0,0],[-9.356,-1.92],[0.872,-4.289],[3.779,-2.738],[0,0],[-70.772,-61.634],[-4.569,-8.383],[0,0],[8.238,-4.49],[0,0],[0,0]],"v":[[21.73,-62.42],[18.85,-65.3],[18.66,-89.55],[30.74,-94.46],[42.9,-89.35],[45.78,-86.47],[89.59,-42.63],[89.65,70.97],[89.65,70.97],[16.77,92.83],[-51.08,78.91],[-64.62,58.79],[-57.99,48.52],[-44.29,45.6],[-6.53,53.53],[-105.46,-65.12],[-98.82,-88.43],[-98.82,-88.43],[-75.63,-81.38],[-40.96,-28.84]],"c":false}]},{"i":{"x":0.667,"y":1},"o":{"x":0.333,"y":0},"t":67,"s":[{"i":[[0,0],[0,0],[-6.648,6.648],[-4.387,-0.031],[-3.366,-3.366],[0,0],[0,0],[31.352,-31.352],[0,0],[26.436,5.42],[0,0],[-1.875,9.201],[-3.314,2.401],[-4.995,-1.021],[-15.971,-3.267],[0,0],[-4.63,8.161],[0,0],[-8.304,-4.711],[-29.862,-29.828]],"o":[[0,0],[-6.742,-6.742],[3.314,-3.314],[4.387,0.031],[0,0],[0,0],[31.387,31.387],[0,0],[-19.067,19.067],[0,0],[-9.356,-1.92],[0.872,-4.289],[3.779,-2.738],[0,0],[-27.883,-44.703],[-8.304,-4.711],[0,0],[4.63,-8.161],[0,0],[0,0]],"v":[[21.73,-62.42],[18.85,-65.3],[18.66,-89.55],[30.74,-94.46],[42.9,-89.35],[45.78,-86.47],[89.59,-42.63],[89.65,70.97],[89.65,70.97],[16.77,92.83],[-51.08,78.91],[-64.62,58.79],[-57.99,48.52],[-44.29,45.6],[-6.53,53.53],[-109.74,-38.52],[-116.39,-61.82],[-116.39,-61.82],[-92.97,-68.07],[-40.96,-28.84]],"c":false}]},{"t":100,"s":[{"i":[[0,0],[0,0],[-6.648,6.648],[-4.387,-0.031],[-3.366,-3.366],[0,0],[0,0],[31.352,-31.352],[0,0],[26.436,5.42],[0,0],[-1.875,9.201],[-3.314,2.401],[-4.995,-1.021],[0,0],[0,0],[-6.635,6.635],[0,0],[-6.751,-6.751],[0,0]],"o":[[0,0],[-6.742,-6.742],[3.314,-3.314],[4.387,0.031],[0,0],[0,0],[31.387,31.387],[0,0],[-19.067,19.067],[0,0],[-9.356,-1.92],[0.872,-4.289],[3.779,-2.738],[0,0],[0,0],[-6.751,-6.751],[0,0],[6.635,-6.635],[0,0],[0,0]],"v":[[21.73,-62.42],[18.85,-65.3],[18.66,-89.55],[30.74,-94.46],[42.9,-89.35],[45.78,-86.47],[89.59,-42.63],[89.65,70.97],[89.65,70.97],[16.77,92.83],[-51.08,78.91],[-64.62,58.79],[-57.99,48.52],[-44.29,45.6],[-6.53,53.53],[-108.02,-47.97],[-108.23,-72.2],[-108.23,-72.2],[-84,-71.99],[-40.96,-28.84]],"c":false}]}],"ix":2},"nm":"Path 1","mn":"ADBE Vector Shape - Group","hd":false},{"ty":"st","c":{"a":0,"k":[1,1,1,1],"ix":3},"o":{"a":0,"k":100,"ix":4},"w":{"a":0,"k":5.25,"ix":5},"lc":2,"lj":2,"bm":0,"nm":"undefined","mn":"ADBE Vector Graphic - Stroke","hd":false},{"ty":"tr","p":{"a":1,"k":[{"i":{"x":0.667,"y":1},"o":{"x":0.333,"y":0},"t":0,"s":[61.35,46.58],"to":[0,-10],"ti":[0,-3.333]},{"i":{"x":0.667,"y":1},"o":{"x":0.333,"y":0},"t":33,"s":[61.35,-13.42],"to":[0,3.333],"ti":[0,-10]},{"i":{"x":0.667,"y":1},"o":{"x":0.333,"y":0},"t":67,"s":[61.35,66.58],"to":[0,10],"ti":[0,3.333]},{"t":100,"s":[61.35,46.58]}],"ix":2},"a":{"a":0,"k":[61.35,46.58],"ix":1},"s":{"a":0,"k":[100,100],"ix":3},"r":{"a":1,"k":[{"i":{"x":[0.667],"y":[1]},"o":{"x":[0.333],"y":[0]},"t":0,"s":[0]},{"i":{"x":[0.667],"y":[1]},"o":{"x":[0.333],"y":[0]},"t":33,"s":[20]},{"i":{"x":[0.667],"y":[1]},"o":{"x":[0.333],"y":[0]},"t":67,"s":[-8]},{"t":100,"s":[0]}],"ix":6},"o":{"a":0,"k":100,"ix":7},"sk":{"a":0,"k":0,"ix":4},"sa":{"a":0,"k":0,"ix":5},"nm":"Transform"}],"nm":"undefined","np":2,"cix":2,"bm":0,"ix":1,"mn":"ADBE Vector Group","hd":false},{"ty":"gr","it":[{"ty":"gr","it":[{"ind":0,"ty":"sh","ix":1,"ks":{"a":0,"k":{"i":[[0,0],[0,0],[-6.642,6.642],[0,0],[-6.751,-6.751],[0,0]],"o":[[0,0],[-6.751,-6.751],[0,0],[6.642,-6.642],[0,0],[0,0]],"v":[[-11.75,16.67],[-15.79,12.5],[-15.99,-11.75],[-15.99,-11.75],[8.26,-11.55],[20.91,0.91]],"c":false},"ix":2},"nm":"Path 1","mn":"ADBE Vector Shape - Group","hd":false},{"ty":"st","c":{"a":0,"k":[1,1,1,1],"ix":3},"o":{"a":0,"k":100,"ix":4},"w":{"a":0,"k":5.25,"ix":5},"lc":2,"lj":2,"bm":0,"nm":"undefined","mn":"ADBE Vector Graphic - Stroke","hd":false},{"ty":"tr","p":{"a":0,"k":[3.4,-61],"ix":2},"a":{"a":0,"k":[0,0],"ix":1},"s":{"a":0,"k":[100,100],"ix":3},"r":{"a":0,"k":0,"ix":6},"o":{"a":0,"k":100,"ix":7},"sk":{"a":0,"k":0,"ix":4},"sa":{"a":0,"k":0,"ix":5},"nm":"Transform"}],"nm":"undefined","np":2,"cix":2,"bm":0,"ix":1,"mn":"ADBE Vector Group","hd":false},{"ty":"gr","it":[{"ind":0,"ty":"sh","ix":1,"ks":{"a":0,"k":{"i":[[0,0],[0,0],[-6.642,6.642],[0,0],[-6.751,-6.751],[0,0]],"o":[[0,0],[-6.751,-6.751],[0,0],[6.642,-6.642],[0,0],[0,0]],"v":[[-12.03,16.04],[-14.81,13.13],[-15.01,-11.12],[-15.01,-11.12],[9.24,-10.92],[19.93,-0.23]],"c":false},"ix":2},"nm":"Path 1","mn":"ADBE Vector Shape - Group","hd":false},{"ty":"st","c":{"a":0,"k":[1,1,1,1],"ix":3},"o":{"a":0,"k":100,"ix":4},"w":{"a":0,"k":5.25,"ix":5},"lc":2,"lj":2,"bm":0,"nm":"undefined","mn":"ADBE Vector Graphic - Stroke","hd":false},{"ty":"tr","p":{"a":0,"k":[-28.9,-44.91],"ix":2},"a":{"a":0,"k":[0,0],"ix":1},"s":{"a":0,"k":[100,100],"ix":3},"r":{"a":0,"k":0,"ix":6},"o":{"a":0,"k":100,"ix":7},"sk":{"a":0,"k":0,"ix":4},"sa":{"a":0,"k":0,"ix":5},"nm":"Transform"}],"nm":"undefined","np":2,"cix":2,"bm":0,"ix":2,"mn":"ADBE Vector Group","hd":false},{"ty":"tr","p":{"a":1,"k":[{"i":{"x":0.667,"y":1},"o":{"x":0.333,"y":0},"t":0,"s":[61.35,46.58],"to":[0,-10],"ti":[0,-3.333]},{"i":{"x":0.667,"y":1},"o":{"x":0.333,"y":0},"t":33,"s":[61.35,-13.42],"to":[0,3.333],"ti":[0,-10]},{"i":{"x":0.667,"y":1},"o":{"x":0.333,"y":0},"t":67,"s":[61.35,66.58],"to":[0,10],"ti":[0,3.333]},{"t":100,"s":[61.35,46.58]}],"ix":2},"a":{"a":0,"k":[61.35,46.58],"ix":1},"s":{"a":0,"k":[100,100],"ix":3},"r":{"a":1,"k":[{"i":{"x":[0.667],"y":[1]},"o":{"x":[0.333],"y":[0]},"t":0,"s":[0]},{"i":{"x":[0.667],"y":[1]},"o":{"x":[0.333],"y":[0]},"t":33,"s":[20]},{"i":{"x":[0.667],"y":[1]},"o":{"x":[0.333],"y":[0]},"t":67,"s":[-8]},{"t":100,"s":[0]}],"ix":6},"o":{"a":0,"k":100,"ix":7},"sk":{"a":0,"k":0,"ix":4},"sa":{"a":0,"k":0,"ix":5},"nm":"Transform"}],"nm":"undefined","np":2,"cix":2,"bm":0,"ix":2,"mn":"ADBE Vector Group","hd":false},{"ty":"tr","p":{"a":0,"k":[77,89],"ix":2},"a":{"a":0,"k":[0,0],"ix":1},"s":{"a":0,"k":[22.81,22.81],"ix":3},"r":{"a":0,"k":0,"ix":6},"o":{"a":0,"k":100,"ix":7},"sk":{"a":0,"k":0,"ix":4},"sa":{"a":0,"k":0,"ix":5},"nm":"Transform"}],"nm":"undefined","np":2,"cix":2,"bm":0,"ix":1,"mn":"ADBE Vector Group","hd":false}],"ip":0,"op":156,"st":0,"ct":1,"bm":0},{"ddd":0,"ind":2,"ty":4,"nm":"Shape Layer 1","sr":1,"ks":{"o":{"a":0,"k":100,"ix":11},"r":{"a":0,"k":0,"ix":10},"p":{"a":0,"k":[-190,-26,0],"ix":2,"l":2},"a":{"a":0,"k":[0,0,0],"ix":1,"l":2},"s":{"a":0,"k":[947,947,100],"ix":6,"l":2}},"ao":0,"shapes":[{"ty":"gr","it":[{"ty":"gr","it":[{"ind":0,"ty":"sh","ix":1,"ks":{"a":0,"k":{"i":[[0,0],[0,0]],"o":[[0,0],[0,0]],"v":[[-3.02,-3.02],[3.02,3.02]],"c":false},"ix":2},"nm":"Path 1","mn":"ADBE Vector Shape - Group","hd":false},{"ty":"tm","s":{"a":0,"k":0,"ix":1},"e":{"a":1,"k":[{"i":{"x":[0.75],"y":[0.75]},"o":{"x":[0.25],"y":[0.25]},"t":1,"s":[0]},{"i":{"x":[0.75],"y":[1]},"o":{"x":[0.25],"y":[0]},"t":14,"s":[100]},{"i":{"x":[0.75],"y":[0.75]},"o":{"x":[0.25],"y":[0.25]},"t":69,"s":[100]},{"t":82,"s":[0]}],"ix":2},"o":{"a":0,"k":0,"ix":3},"m":1,"ix":2,"nm":"undefined","mn":"ADBE Vector Filter - Trim","hd":false},{"ty":"st","c":{"a":0,"k":[1,1,1,1],"ix":3},"o":{"a":0,"k":100,"ix":4},"w":{"a":0,"k":2,"ix":5},"lc":2,"lj":1,"ml":4,"bm":0,"nm":"undefined","mn":"ADBE Vector Graphic - Stroke","hd":false},{"ty":"tr","p":{"a":0,"k":[50.62,39.36],"ix":2},"a":{"a":0,"k":[0,0],"ix":1},"s":{"a":0,"k":[100,100],"ix":3},"r":{"a":0,"k":0,"ix":6},"o":{"a":0,"k":100,"ix":7},"sk":{"a":0,"k":0,"ix":4},"sa":{"a":0,"k":0,"ix":5},"nm":"Transform"}],"nm":"undefined","np":3,"cix":2,"bm":0,"ix":1,"mn":"ADBE Vector Group","hd":false},{"ty":"gr","it":[{"ind":0,"ty":"sh","ix":1,"ks":{"a":0,"k":{"i":[[0,0],[0,0]],"o":[[0,0],[0,0]],"v":[[3.02,-3.02],[-3.02,3.02]],"c":false},"ix":2},"nm":"Path 1","mn":"ADBE Vector Shape - Group","hd":false},{"ty":"tm","s":{"a":0,"k":0,"ix":1},"e":{"a":1,"k":[{"i":{"x":[0.75],"y":[0.75]},"o":{"x":[0.25],"y":[0.25]},"t":1,"s":[0]},{"i":{"x":[0.75],"y":[1]},"o":{"x":[0.25],"y":[0]},"t":14,"s":[100]},{"i":{"x":[0.75],"y":[0.75]},"o":{"x":[0.25],"y":[0.25]},"t":69,"s":[100]},{"t":82,"s":[0]}],"ix":2},"o":{"a":0,"k":0,"ix":3},"m":1,"ix":2,"nm":"undefined","mn":"ADBE Vector Filter - Trim","hd":false},{"ty":"st","c":{"a":0,"k":[1,1,1,1],"ix":3},"o":{"a":0,"k":100,"ix":4},"w":{"a":0,"k":2,"ix":5},"lc":2,"lj":1,"ml":4,"bm":0,"nm":"undefined","mn":"ADBE Vector Graphic - Stroke","hd":false},{"ty":"tr","p":{"a":0,"k":[44.27,39.36],"ix":2},"a":{"a":0,"k":[0,0],"ix":1},"s":{"a":0,"k":[100,100],"ix":3},"r":{"a":0,"k":0,"ix":6},"o":{"a":0,"k":100,"ix":7},"sk":{"a":0,"k":0,"ix":4},"sa":{"a":0,"k":0,"ix":5},"nm":"Transform"}],"nm":"undefined","np":3,"cix":2,"bm":0,"ix":2,"mn":"ADBE Vector Group","hd":false},{"ty":"gr","it":[{"ind":0,"ty":"sh","ix":1,"ks":{"a":0,"k":{"i":[[0,0],[0,0]],"o":[[0,0],[0,0]],"v":[[47.59,36.34],[47.59,64.87]],"c":false},"ix":2},"nm":"Path 1","mn":"ADBE Vector Shape - Group","hd":false},{"ty":"tm","s":{"a":0,"k":0,"ix":1},"e":{"a":1,"k":[{"i":{"x":[0.75],"y":[0.75]},"o":{"x":[0.25],"y":[0.25]},"t":1,"s":[0]},{"i":{"x":[0.75],"y":[1]},"o":{"x":[0.25],"y":[0]},"t":14,"s":[100]},{"i":{"x":[0.75],"y":[0.75]},"o":{"x":[0.25],"y":[0.25]},"t":69,"s":[100]},{"t":82,"s":[0]}],"ix":2},"o":{"a":0,"k":0,"ix":3},"m":1,"ix":2,"nm":"undefined","mn":"ADBE Vector Filter - Trim","hd":false},{"ty":"st","c":{"a":0,"k":[1,1,1,1],"ix":3},"o":{"a":0,"k":100,"ix":4},"w":{"a":0,"k":2,"ix":5},"lc":2,"lj":1,"ml":4,"bm":0,"nm":"undefined","mn":"ADBE Vector Graphic - Stroke","hd":false},{"ty":"tr","p":{"a":0,"k":[0,0],"ix":2},"a":{"a":0,"k":[0,0],"ix":1},"s":{"a":0,"k":[100,100],"ix":3},"r":{"a":0,"k":0,"ix":6},"o":{"a":0,"k":100,"ix":7},"sk":{"a":0,"k":0,"ix":4},"sa":{"a":0,"k":0,"ix":5},"nm":"Transform"}],"nm":"undefined","np":3,"cix":2,"bm":0,"ix":3,"mn":"ADBE Vector Group","hd":false},{"ty":"tr","p":{"a":1,"k":[{"i":{"x":0.75,"y":1},"o":{"x":0.25,"y":0},"t":14,"s":[42,78],"to":[0,-6.667],"ti":[0,6.667]},{"t":71,"s":[42,38]}],"ix":2},"a":{"a":0,"k":[49,53.5],"ix":1},"s":{"a":0,"k":[100,95.6],"ix":3},"r":{"a":0,"k":0,"ix":6},"o":{"a":0,"k":100,"ix":7},"sk":{"a":0,"k":0,"ix":4},"sa":{"a":0,"k":0,"ix":5},"nm":"Transform"}],"nm":"undefined","np":3,"cix":2,"bm":0,"ix":1,"mn":"ADBE Vector Group","hd":false}],"ip":-11,"op":156,"st":-11,"ct":1,"bm":0},{"ddd":0,"ind":3,"ty":3,"nm":"Null 2","sr":1,"ks":{"o":{"a":0,"k":100,"ix":11},"r":{"a":0,"k":0,"ix":10},"p":{"a":0,"k":[450,450,0],"ix":2,"l":2},"a":{"a":0,"k":[0,0,0],"ix":1,"l":2},"s":{"a":0,"k":[100,100,100],"ix":6,"l":2}},"ao":0,"ip":0,"op":156,"st":0,"bm":0},{"ddd":0,"ind":5,"ty":3,"nm":"Null 1","sr":1,"ks":{"o":{"a":0,"k":100,"ix":11},"r":{"a":0,"k":0,"ix":10},"p":{"a":1,"k":[{"i":{"x":0.75,"y":0.989},"o":{"x":0.25,"y":0.011},"t":25,"s":[445.83,444.34,0],"to":[0.25,-5.75,0],"ti":[-0.25,5.75,0]},{"t":77,"s":[447.33,409.84,0]}],"ix":2,"l":2},"a":{"a":0,"k":[51.7,49.4,0],"ix":1,"l":2},"s":{"a":1,"k":[{"i":{"x":[0.833,0.833,0.833],"y":[0.833,0.833,0.833]},"o":{"x":[0.167,0.167,0.167],"y":[0.167,0.167,0.167]},"t":8,"s":[12.96,12.96,100]},{"i":{"x":[0.833,0.833,0.833],"y":[0.833,0.833,0.833]},"o":{"x":[0.167,0.167,0.167],"y":[0.167,0.167,0.167]},"t":32,"s":[39.06,39.06,100]},{"i":{"x":[0.833,0.833,0.833],"y":[0.833,0.833,0.833]},"o":{"x":[0.167,0.167,0.167],"y":[0.167,0.167,0.167]},"t":92,"s":[45.22,45.22,100]},{"t":108,"s":[60.02,60.02,100]}],"ix":6,"l":2}},"ao":0,"ip":0,"op":156,"st":0,"bm":0}]}],"layers":[{"ddd":0,"ind":1,"ty":0,"nm":"Pre-comp 1","refId":"comp_0","sr":1,"ks":{"o":{"a":0,"k":100,"ix":11},"r":{"a":0,"k":0,"ix":10},"p":{"a":0,"k":[446,462,0],"ix":2,"l":2},"a":{"a":0,"k":[450,450,0],"ix":1,"l":2},"s":{"a":0,"k":[100,100,100],"ix":6,"l":2}},"ao":0,"w":900,"h":900,"ip":0,"op":155,"st":0,"bm":0}],"markers":[],"props":{}}