{
  "project_info": {
    "project_number": "1045679124479",
    "project_id": "cercle-marketplace",
    "storage_bucket": "cercle-marketplace.firebasestorage.app"
  },
  "client": [
    {
      "client_info": {
        "mobilesdk_app_id": "1:1045679124479:android:d6af4331a01f6aa692c1ca",
        "android_client_info": {
          "package_name": "com.cercle.android"
        }
      },
      "oauth_client": [
        {
          "client_id": "1045679124479-vfpm39vfudtp4q3d2qvktsdvkrv4njuf.apps.googleusercontent.com",
          "client_type": 1,
          "android_info": {
            "package_name": "com.cercle.android",
            "certificate_hash": "bdd912711f230ec76c420aa6e87ce4bea273fb1b"
          }
        },
        {
          "client_id": "1045679124479-aqeukkjlkf80aim1i44dlul46cgp3upn.apps.googleusercontent.com",
          "client_type": 3
        }
      ],
      "api_key": [
        {
          "current_key": "AIzaSyCtHoOy7AoCgVPRpGI7mbZ7BqnyyX-pxfk"
        }
      ],
      "services": {
        "appinvite_service": {
          "other_platform_oauth_client": [
            {
              "client_id": "1045679124479-aqeukkjlkf80aim1i44dlul46cgp3upn.apps.googleusercontent.com",
              "client_type": 3
            },
            {
              "client_id": "1045679124479-eq6o4mm027lrsn737k57e1sugmgj4o6j.apps.googleusercontent.com",
              "client_type": 2,
              "ios_info": {
                "bundle_id": "com.app.cercle.shop"
              }
            }
          ]
        }
      }
    },
    {
      "client_info": {
        "mobilesdk_app_id": "1:1045679124479:android:d8629e0c32a19d5192c1ca",
        "android_client_info": {
          "package_name": "com.cercle.android.development"
        }
      },
      "oauth_client": [
        {
          "client_id": "1045679124479-l6lovbg9agqf21jcsfuc7ceqoragkkg7.apps.googleusercontent.com",
          "client_type": 1,
          "android_info": {
            "package_name": "com.cercle.android.development",
            "certificate_hash": "40b7661857f3032b004b4884bbb27911d9b2d718"
          }
        },
        {
          "client_id": "1045679124479-mqc9i42h5c8cijto34fj7mlnv2cjc8cb.apps.googleusercontent.com",
          "client_type": 1,
          "android_info": {
            "package_name": "com.cercle.android.development",
            "certificate_hash": "225920a16b78ceb71d3bc173b3ae58178e2b0a27"
          }
        },
        {
          "client_id": "1045679124479-aqeukkjlkf80aim1i44dlul46cgp3upn.apps.googleusercontent.com",
          "client_type": 3
        }
      ],
      "api_key": [
        {
          "current_key": "AIzaSyCtHoOy7AoCgVPRpGI7mbZ7BqnyyX-pxfk"
        }
      ],
      "services": {
        "appinvite_service": {
          "other_platform_oauth_client": [
            {
              "client_id": "1045679124479-aqeukkjlkf80aim1i44dlul46cgp3upn.apps.googleusercontent.com",
              "client_type": 3
            },
            {
              "client_id": "1045679124479-eq6o4mm027lrsn737k57e1sugmgj4o6j.apps.googleusercontent.com",
              "client_type": 2,
              "ios_info": {
                "bundle_id": "com.app.cercle.shop"
              }
            }
          ]
        }
      }
    },
    {
      "client_info": {
        "mobilesdk_app_id": "1:1045679124479:android:0c43b23e2899bf7692c1ca",
        "android_client_info": {
          "package_name": "com.cercle.android.staging"
        }
      },
      "oauth_client": [
        {
          "client_id": "1045679124479-f8aplqogmqihmmdh7f7h37tbebtnj2ot.apps.googleusercontent.com",
          "client_type": 1,
          "android_info": {
            "package_name": "com.cercle.android.staging",
            "certificate_hash": "e4beec5c0c9ba8444cf8e21f45e393ca4a34a728"
          }
        },
        {
          "client_id": "1045679124479-aqeukkjlkf80aim1i44dlul46cgp3upn.apps.googleusercontent.com",
          "client_type": 3
        }
      ],
      "api_key": [
        {
          "current_key": "AIzaSyCtHoOy7AoCgVPRpGI7mbZ7BqnyyX-pxfk"
        }
      ],
      "services": {
        "appinvite_service": {
          "other_platform_oauth_client": [
            {
              "client_id": "1045679124479-aqeukkjlkf80aim1i44dlul46cgp3upn.apps.googleusercontent.com",
              "client_type": 3
            },
            {
              "client_id": "1045679124479-eq6o4mm027lrsn737k57e1sugmgj4o6j.apps.googleusercontent.com",
              "client_type": 2,
              "ios_info": {
                "bundle_id": "com.app.cercle.shop"
              }
            }
          ]
        }
      }
    }
  ],
  "configuration_version": "1"
}
